No;name;nameBirth;positionFirst;positionSecond;potential;skillPass;skillShotInterior;skillShotExterior;skillShotFree;skillPhysique;skillBlock;skillRebound;skillSteal;tendencyIn;tendencyEx;tendencyFr;ATT;DEF;Ranks;age;yearsLeague;team;teamID;yearsContract;salary;stateInjury;draft;image;info;rings;mvps;fmvps;allTeam1;allTeam2;allTeam3
1;克利福德-贝奇;Clifford Becky;2;2;6;60;58;48;69;64;58;69;53;60;53;57;53;58;55;18;0;凯尔特人;1;4;2471787;0;0;0;0;0;0;0;0;0;0
2;瑞德-波拉德;Red Pollard;4;3;6;45;47;66;56;67;63;47;46;58;66;45;49;53;51;20;2;凯尔特人;1;3;2186872;0;0;0;0;0;0;0;0;0;0
3;奥兰多-凯塞尔;Orlando Kessel;2;5;6;66;48;46;63;65;68;51;62;58;51;52;50;59;54;21;3;凯尔特人;1;4;2009029;0;0;0;0;0;0;0;0;0;0
4;泰伦斯-莱德;Terrence Ryder;2;5;6;45;54;57;48;56;55;63;65;58;60;37;44;57;50;21;3;凯尔特人;1;3;5127786;0;0;0;0;0;0;0;0;0;0
5;贝内特-莫里斯;Bennett Morris;5;2;6;47;62;55;64;57;60;46;58;59;56;55;53;50;51;27;9;凯尔特人;1;3;4572450;0;0;0;0;0;0;0;0;0;0
6;卡尔文-诺维奇;Calvin Norwich;4;4;6;49;58;62;68;53;59;55;60;58;63;57;55;52;53;22;4;凯尔特人;1;4;1482551;0;0;0;0;0;0;0;0;0;0
7;德马雷-巴里克;De Mare Barrick;2;3;6;55;49;67;67;46;52;51;66;56;69;54;55;49;53;21;1;凯尔特人;1;3;1446110;0;0;0;0;0;0;0;0;0;0
8;泰特-米歇尔;Tate Michel;4;3;6;60;68;64;66;64;65;47;67;62;64;58;62;57;60;23;5;凯尔特人;1;3;1340871;0;0;0;0;0;0;0;0;0;0
9;乔伊-克莱姆森;Joey Clemson;3;3;6;66;64;49;51;53;50;65;59;59;53;45;51;52;53;24;6;凯尔特人;1;4;2456338;0;0;0;0;0;0;0;0;0;0
10;厄尔-多切斯特;Earl Dorchester;5;5;6;51;46;54;45;56;58;54;60;57;55;38;43;52;48;21;3;凯尔特人;1;4;3253073;0;0;0;0;0;0;0;0;0;0
11;科迪-巴格利;Cody Bagley;5;1;6;54;68;68;53;56;53;45;69;60;66;47;58;48;53;33;15;凯尔特人;1;3;4740292;0;0;0;0;0;0;0;0;0;0
12;阿方索-奥伯里;Alfonso Obery;2;1;6;56;46;49;62;67;62;60;66;58;54;49;47;62;54;33;15;凯尔特人;1;4;1952244;0;0;0;0;0;0;0;0;0;0
13;德怀恩-沃斯利;Dwyane Wosley;1;5;6;69;63;68;54;49;55;65;63;58;71;45;61;55;58;33;15;凯尔特人;1;4;1295557;0;0;0;0;0;0;0;0;0;0
14;艾迪生-比格内尔;Edison Bignell;3;5;6;59;54;63;49;50;57;52;61;57;65;41;51;50;51;34;16;凯尔特人;1;4;3319606;0;0;0;0;0;0;0;0;0;0
15;兰登-沃里纳;Langdon Vorina;2;2;6;69;65;48;47;64;45;69;54;61;53;41;51;55;53;34;16;凯尔特人;1;4;2913653;0;0;0;0;0;0;0;0;0;0
16;巴雷特-霍尔特;Barrett Holt;5;5;6;59;55;65;65;67;47;59;52;60;64;57;58;52;55;31;13;凯尔特人;1;4;3504157;0;0;0;0;0;0;0;0;0;0
17;亚历山德罗-罗勒;Alexandro Basil;4;5;6;48;63;48;53;68;60;61;52;61;51;44;48;58;53;33;15;凯尔特人;1;4;2821144;0;0;0;0;0;0;0;0;0;0
18;罗汉-科尔贝克;Arhat Kolbeck;4;5;6;51;58;58;50;62;53;52;55;60;59;42;49;51;50;33;15;凯尔特人;1;3;4876873;0;0;0;0;0;0;0;0;0;0
19;扎因-梅多斯;Zain Meadows;1;4;6;67;56;52;55;67;61;69;60;60;57;45;54;63;58;20;2;篮网;2;3;5687229;0;0;0;0;0;0;0;0;0;0
20;哈伊姆-马斯格雷夫;Haim Masgrave;2;2;6;54;46;67;56;55;67;46;54;57;69;44;52;50;51;22;0;篮网;2;4;2244646;0;0;0;0;0;0;0;0;0;0
21;奥玛里恩-吉列姆;Omarin Gillem;5;3;6;54;50;50;57;46;68;52;55;56;52;49;47;51;49;21;3;篮网;2;3;5524483;0;0;0;0;0;0;0;0;0;0
22;约书亚-阿斯金斯;Joshua Askins;3;2;6;57;46;56;48;55;66;61;66;57;59;39;46;59;53;22;4;篮网;2;4;3241848;0;0;0;0;0;0;0;0;0;0
23;基思-沃尔芬登;Keith Wolfenden;4;5;6;67;56;66;67;58;57;69;51;59;66;60;62;56;58;26;8;篮网;2;3;1001707;0;0;0;0;0;0;0;0;0;0
24;谢恩-迈丁森;Shane Madison;2;5;6;47;50;45;58;52;51;52;69;57;50;45;42;53;47;21;3;篮网;2;3;2645101;0;0;0;0;0;0;0;0;0;0
25;林肯-哈特兰;Lincoln Hartland;5;4;6;54;64;47;47;67;62;48;68;61;50;41;49;57;53;20;1;篮网;2;3;2091185;0;0;0;0;0;0;0;0;0;0
26;欧内斯特-迪金斯;Ernest Dickins;3;2;6;55;55;56;50;46;64;48;67;57;59;41;48;51;50;24;6;篮网;2;3;1420990;0;0;0;0;0;0;0;0;0;0
27;希度-赫克托;Hido Hector;1;4;6;51;62;57;65;46;48;49;50;58;61;51;53;41;48;29;11;篮网;2;3;4829099;0;0;0;0;0;0;0;0;0;0
28;基努-阿诺德;Keanu Arnold;1;1;6;56;45;66;64;53;46;53;51;56;69;50;55;45;50;22;4;篮网;2;4;3150158;0;0;0;0;0;0;0;0;0;0
29;埃斯特万-霍里;Estevan Holly;3;1;6;54;55;57;63;67;61;48;66;60;60;52;53;58;56;34;16;篮网;2;4;5107918;0;0;0;0;0;0;0;0;0;0
30;泰里-吉布森;Terry Gibson;4;2;6;55;56;57;54;52;64;66;64;58;59;46;50;58;54;32;14;篮网;2;3;2151849;0;0;0;0;0;0;0;0;0;0
31;韦斯顿-比林顿;Weston Billington;5;5;6;58;62;53;60;45;51;50;66;57;54;53;54;45;49;31;13;篮网;2;4;4662321;0;0;0;0;0;0;0;0;0;0
32;伊斯顿-韦迪尔;Easton Weddell;4;5;6;60;57;54;53;47;61;45;60;57;56;46;51;47;49;31;13;篮网;2;3;2186915;0;0;0;0;0;0;0;0;0;0
33;丹泽尔-霍里奇;Danzel Horich;4;4;6;59;69;69;63;57;47;68;62;61;68;56;62;54;58;30;12;篮网;2;4;5285542;0;0;0;0;0;0;0;0;0;0
34;约西亚-维特利尔;Josiah Vettellier;4;4;6;52;57;49;62;57;54;62;58;59;52;52;50;53;52;31;13;篮网;2;4;5041308;0;0;0;0;0;0;0;0;0;0
35;欧文-巴勒特;Irving Barrett;3;5;6;66;59;67;57;69;54;58;55;61;68;50;58;56;58;33;15;篮网;2;3;3910588;0;0;0;0;0;0;0;0;0;0
36;斯宾塞-西克马;Spencer Sigma;4;4;6;56;48;45;47;45;63;68;51;56;49;40;43;52;48;34;16;篮网;2;4;4919555;0;0;0;0;0;0;0;0;0;0
37;欧米尔-费恩利;Omir Finnley;3;1;6;60;68;67;53;52;64;45;63;59;68;46;57;51;55;24;6;尼克斯;3;3;5786874;0;0;0;0;0;0;0;0;0;0
38;俾斯麦-辛普;Bismarck Simpson;4;2;6;64;54;66;48;59;66;64;65;59;66;42;54;61;58;20;2;尼克斯;3;4;4132019;0;0;0;0;0;0;0;0;0;0
39;纳什维尔-温克尔;Nashville Winkle;4;5;6;45;48;58;51;55;66;66;59;57;59;41;45;59;52;19;1;尼克斯;3;3;4807928;0;0;0;0;0;0;0;0;0;0
40;布劳略-罗林;Broglio Rowling;1;4;6;57;46;47;47;68;46;54;63;58;53;37;43;56;49;21;3;尼克斯;3;3;3544287;0;0;0;0;0;0;0;0;0;0
41;扎因-莱斯布里奇;Zain Lesbridge;1;5;6;58;67;52;63;60;58;46;60;61;57;51;55;52;54;28;10;尼克斯;3;4;5565744;0;0;0;0;0;0;0;0;0;0
42;哈德森-迈尔森;Hudson Myerson;1;2;6;64;54;64;53;64;57;63;61;59;67;43;56;59;58;21;3;尼克斯;3;4;1053464;0;0;0;0;0;0;0;0;0;0
43;以利沙-兰多夫;Elisha Randolph;1;2;6;47;64;60;47;67;68;45;61;61;64;36;48;57;52;19;0;尼克斯;3;4;5493187;0;0;0;0;0;0;0;0;0;0
44;柯克-萨基特;Kirk Sakit;5;4;6;57;50;51;50;56;49;47;68;57;53;43;46;47;47;20;2;尼克斯;3;3;1089925;0;0;0;0;0;0;0;0;0;0
45;罗密欧-维特斯;Romeo Vites;2;2;6;66;45;48;59;67;45;47;69;58;53;49;49;55;52;22;4;尼克斯;3;3;1615627;0;0;0;0;0;0;0;0;0;0
46;迭戈-海尔;Diego Haier;5;4;6;58;60;54;53;68;59;63;53;61;55;47;53;59;56;27;9;尼克斯;3;4;5259946;0;0;0;0;0;0;0;0;0;0
47;德斯蒙德-布丹;Desmond Budan;4;2;6;47;69;46;49;47;48;60;46;59;50;41;47;44;45;33;15;尼克斯;3;4;5756050;0;0;0;0;0;0;0;0;0;0
48;科尔宾-皮茨;Colbin Pitts;4;1;6;59;63;60;51;69;49;55;63;62;61;45;54;55;55;31;13;尼克斯;3;4;2605791;0;0;0;0;0;0;0;0;0;0
49;科特-布兰;Cott Braun;4;4;6;58;62;53;61;47;66;51;65;58;55;53;54;52;53;34;16;尼克斯;3;3;2605279;0;0;0;0;0;0;0;0;0;0
50;蒙塔-伊斯特汉;Monta Easterhan;3;3;6;45;56;69;59;53;46;57;67;58;70;47;52;51;52;32;14;尼克斯;3;3;4957563;0;0;0;0;0;0;0;0;0;0
51;尤金-安克尔;Eugene Ankel;2;2;6;58;50;64;66;52;51;47;56;57;66;53;55;46;51;34;16;尼克斯;3;3;3189703;0;0;0;0;0;0;0;0;0;0
52;伯瑞斯-科斯坦;Boris Costan;1;3;6;65;58;63;67;57;59;65;49;59;67;55;61;52;57;31;13;尼克斯;3;3;1759786;0;0;0;0;0;0;0;0;0;0
53;马克-阿姆斯伯利;Mark Amsbury;3;5;6;64;56;66;54;47;67;62;69;57;67;46;55;58;57;34;16;尼克斯;3;3;5366878;0;0;0;0;0;0;0;0;0;0
54;阿马雷-莱斯特兰奇;Amare Lestrange;1;2;6;46;65;54;67;65;54;47;60;61;59;52;52;53;52;32;14;尼克斯;3;4;4494070;0;0;0;0;0;0;0;0;0;0
55;贾登-托利弗;Jaden Tolifer;3;1;6;63;45;63;55;45;60;69;52;55;65;46;52;52;52;28;10;76人;4;3;3104150;0;0;0;0;0;0;0;0;0;0
56;圣地亚哥-尼克松;San Diego Nixon;1;2;6;55;48;64;69;49;60;59;46;56;67;54;56;46;52;19;1;76人;4;3;2044758;0;0;0;0;0;0;0;0;0;0
57;达雷尔-贝尔登;Darrell Belden;3;1;6;51;55;56;45;54;54;67;56;58;59;37;45;54;50;21;3;76人;4;4;1656116;0;0;0;0;0;0;0;0;0;0
58;克林顿-阿特金斯;Clinton Atkins;1;2;6;64;60;54;56;60;61;58;60;60;59;46;55;57;56;22;4;76人;4;4;5907050;0;0;0;0;0;0;0;0;0;0
59;丹尼尔-弗农;Daniel Vernon;3;2;6;64;60;51;55;60;61;65;47;60;55;48;52;54;54;27;9;76人;4;4;5491408;0;0;0;0;0;0;0;0;0;0
60;特伦顿-戈德金;Trenton Godkin;5;5;6;51;48;68;46;54;54;45;57;57;66;39;48;46;47;26;8;76人;4;3;1314487;0;0;0;0;0;0;0;0;0;0
61;卡尔顿-诺斯克拉夫特;Carlton Northcraft;3;3;6;56;57;52;48;47;47;62;65;57;55;40;46;50;49;27;9;76人;4;3;4617407;0;0;0;0;0;0;0;0;0;0
62;达内尔-戴森;Darnell Dyson;5;2;6;54;57;54;50;53;57;47;51;58;55;43;49;46;48;21;0;76人;4;4;1355866;0;0;0;0;0;0;0;0;0;0
63;贾米尔-加里克;Jamir Garik;2;3;6;46;49;53;55;69;51;48;61;59;57;42;44;54;49;20;2;76人;4;3;5074901;0;0;0;0;0;0;0;0;0;0
64;阿尔弗雷德-斯普拉特利;Alfred Spratley;5;3;6;61;69;55;45;65;47;49;65;62;56;41;54;50;52;29;11;76人;4;3;4229893;0;0;0;0;0;0;0;0;0;0
65;塔里克-巴格斯;Tariq Baggs;1;5;6;66;60;59;51;64;55;56;59;60;63;42;55;55;55;30;12;76人;4;4;5003431;0;0;0;0;0;0;0;0;0;0
66;约西亚-布里廷厄姆;Josiah Brittingham;3;2;6;57;59;61;61;60;62;52;64;59;63;51;55;56;56;34;16;76人;4;3;5758059;0;0;0;0;0;0;0;0;0;0
67;拉加-考尔菲尔德;Laga Caulfield;1;1;6;47;49;53;52;69;67;65;52;59;58;39;44;60;51;32;14;76人;4;3;4674359;0;0;0;0;0;0;0;0;0;0
68;埃迪-奎勒;Eddie Queller;5;1;6;67;61;55;54;62;45;62;49;60;56;50;56;50;53;32;14;76人;4;3;4148586;0;0;0;0;0;0;0;0;0;0
69;吉米-古奇;Jimmy Gucci;1;5;6;48;62;51;52;48;46;46;49;58;56;40;46;40;43;33;15;76人;4;4;4846147;0;0;0;0;0;0;0;0;0;0
70;米克尔-贝尔森;Mikel Belson;1;1;6;55;56;62;56;52;49;48;59;58;66;44;53;47;50;31;13;76人;4;3;5858573;0;0;0;0;0;0;0;0;0;0
71;贾克森-蒙克利夫;Jackson Moncliffe;2;1;6;60;54;58;63;45;53;63;54;57;61;52;54;48;51;31;13;76人;4;4;5293661;0;0;0;0;0;0;0;0;0;0
72;恩里克-潘菲尔德;Enrique Penfield;2;3;6;65;55;68;52;45;54;66;55;57;70;44;56;49;53;33;15;76人;4;3;4819135;0;0;0;0;0;0;0;0;0;0
73;梅米特-哈伯德;Mehmet Hubbard;5;1;6;46;58;53;52;61;53;49;60;59;54;44;47;50;49;24;6;猛龙;5;4;5248449;0;0;0;0;0;0;0;0;0;0
74;桑托斯-奈特;Santos Knight;3;4;6;62;47;51;61;53;64;68;58;57;55;51;50;57;55;26;8;猛龙;5;4;2665528;0;0;0;0;0;0;0;0;0;0
75;阿尔-奥布;Al Obe;4;3;6;56;47;69;54;50;58;54;68;56;68;45;52;52;52;18;0;猛龙;5;4;3268176;0;0;0;0;0;0;0;0;0;0
76;索耶-斯特曼;Sawyer Sterman;5;2;6;69;69;63;65;53;45;67;62;60;62;61;65;51;57;29;11;猛龙;5;3;4658459;0;0;0;0;0;0;0;0;0;0
77;阿萨-罗森;Asa Rosen;1;1;6;50;46;60;67;49;45;57;67;56;64;51;51;52;52;22;4;猛龙;5;4;4472058;0;0;0;0;0;0;0;0;0;0
78;奥利弗-赫西;Oliver Hersey;5;3;6;62;49;59;66;62;51;63;45;58;59;58;55;52;53;21;1;猛龙;5;3;2653274;0;0;0;0;0;0;0;0;0;0
79;道森-马蒂斯;Dawson Matisse;5;2;6;59;62;47;63;53;57;51;62;59;50;56;54;50;52;22;4;猛龙;5;4;5573292;0;0;0;0;0;0;0;0;0;0
80;科德尔-荷马;Cordell Homer;4;4;6;66;47;63;46;60;63;67;52;58;63;40;51;58;55;28;10;猛龙;5;4;4112700;0;0;0;0;0;0;0;0;0;0
81;乔丹-斯托纳;Jordan Stona;1;1;6;47;64;60;51;58;53;48;62;60;64;39;49;52;50;28;10;猛龙;5;3;2379399;0;0;0;0;0;0;0;0;0;0
82;伊万-麦基;Ivan McKee;5;5;6;68;45;55;51;45;63;53;57;55;56;46;50;49;49;24;6;猛龙;5;3;4433609;0;0;0;0;0;0;0;0;0;0
83;莱恩-坎伯兰;Ryan Cumberland;5;5;6;47;51;68;56;46;67;59;46;56;66;47;51;51;51;30;12;猛龙;5;3;3116232;0;0;0;0;0;0;0;0;0;0
84;迈尔斯-班纳特;Miles Bennett;3;2;6;56;65;52;63;53;54;64;45;59;55;53;53;49;52;33;15;猛龙;5;3;5272107;0;0;0;0;0;0;0;0;0;0
85;弗雷迪-伯尔纳;Freddie Berner;2;5;6;49;69;53;66;52;61;53;49;60;57;53;52;48;50;32;14;猛龙;5;3;2982944;0;0;0;0;0;0;0;0;0;0
86;吉姆-梅科克;Jim McCock;2;1;6;47;65;69;67;57;54;50;66;60;71;53;57;53;55;32;14;猛龙;5;4;5967006;0;0;0;0;0;0;0;0;0;0
87;雷-维泽;Ray Weize;2;4;6;66;60;58;66;52;56;68;58;58;61;56;58;54;56;32;14;猛龙;5;4;4595643;0;0;0;0;0;0;0;0;0;0
88;里克-兰德尔斯;Rick Landers;5;4;6;69;49;45;52;66;45;58;67;59;48;47;50;53;52;30;12;猛龙;5;4;2543994;0;0;0;0;0;0;0;0;0;0
89;以赛亚-康奈尔;Isaiah Cornell;3;1;6;53;56;64;69;65;45;52;46;60;65;57;56;46;52;34;16;猛龙;5;4;3588162;0;0;0;0;0;0;0;0;0;0
90;达雷尔-柯罗威斯;Darrell Crovis;4;4;6;49;55;58;58;65;60;47;57;60;59;48;51;53;52;31;13;猛龙;5;4;2337995;0;0;0;0;0;0;0;0;0;0
91;布莱恩-奈伊;Brian Nai;1;5;6;46;65;51;47;57;57;47;62;60;56;36;44;52;48;24;6;公牛;6;4;1189223;0;0;0;0;0;0;0;0;0;0
92;拉米罗-德雷奇;Ramiro Drech;4;5;6;51;62;54;51;55;60;45;59;59;56;43;49;49;49;25;7;公牛;6;3;1059922;0;0;0;0;0;0;0;0;0;0
93;欧文-洛克耶;Irving Lockyer;4;4;6;46;57;68;50;66;53;47;66;60;68;41;51;53;52;23;5;公牛;6;3;5062538;0;0;0;0;0;0;0;0;0;0
94;卡尔文-英格索尔;Calvin Ingersoll;4;5;6;64;54;53;56;45;51;54;50;57;55;49;52;43;47;19;0;公牛;6;4;5993636;0;0;0;0;0;0;0;0;0;0
95;纳撒尼尔-雪莉;Nathaniel Shirley;4;2;6;56;66;46;69;68;69;59;49;62;50;60;55;60;58;20;2;公牛;6;4;1618339;0;0;0;0;0;0;0;0;0;0
96;雷纳尔多-厄普丘奇;Renaldo Upchuch;3;5;6;59;69;45;45;50;65;47;68;59;50;39;47;53;51;20;2;公牛;6;3;3560163;0;0;0;0;0;0;0;0;0;0
97;马库斯-克罗波西;Marcus Kroposi;5;1;6;51;46;58;45;60;47;59;69;57;58;38;45;53;49;21;3;公牛;6;3;3474461;0;0;0;0;0;0;0;0;0;0
98;佩里-亨德利;Perry Hendry;4;3;6;48;66;57;52;52;51;65;58;59;59;44;51;51;51;21;3;公牛;6;3;5396348;0;0;0;0;0;0;0;0;0;0
99;莱昂内尔-希卡姆;Lionel Hickham;3;4;6;66;63;53;46;65;66;57;66;61;56;40;51;61;57;23;5;公牛;6;3;2074242;0;0;0;0;0;0;0;0;0;0
100;拉加-戴顿;Laga Dayton;2;5;6;61;52;47;68;56;62;46;64;58;52;56;51;53;52;20;1;公牛;6;3;3491295;0;0;0;0;0;0;0;0;0;0
101;海罗-阿塞;Hailo Ace;4;5;6;65;53;62;67;57;60;45;62;58;63;59;59;51;55;34;16;公牛;6;4;4037742;0;0;0;0;0;0;0;0;0;0
102;艾伦-沃特林顿;Alan Watlington;3;2;6;65;59;62;64;66;59;55;45;60;64;55;59;52;56;34;16;公牛;6;4;5689919;0;0;0;0;0;0;0;0;0;0
103;艾伦-阿伦德尔;Alan Arendell;5;2;6;47;47;66;57;46;49;46;52;56;65;47;49;40;44;30;12;公牛;6;3;1035231;0;0;0;0;0;0;0;0;0;0
104;阿什顿-塞夫顿;Ashton Sefton;5;3;6;61;46;64;66;59;67;59;66;57;63;58;55;60;58;34;16;公牛;6;3;2294926;0;0;0;0;0;0;0;0;0;0
105;阿曼多-格林韦尔;Amando Greenwell;4;3;6;58;67;49;62;65;51;59;55;62;52;54;55;54;54;33;15;公牛;6;4;3942919;0;0;0;0;0;0;0;0;0;0
106;卡森-格里利;Carson Greeley;1;3;6;63;48;67;62;57;68;46;52;57;70;50;58;50;54;31;13;公牛;6;4;2022862;0;0;0;0;0;0;0;0;0;0
107;艾萨克-巴斯克维尔;Isaac Baskerville;3;3;6;53;64;48;59;61;63;66;51;60;52;49;50;57;54;31;13;公牛;6;3;3383275;0;0;0;0;0;0;0;0;0;0
108;贝内特-德拉维特;Bennett Dravit;4;2;6;65;64;56;67;59;57;49;53;60;58;60;60;50;55;34;16;公牛;6;4;2770740;0;0;0;0;0;0;0;0;0;0
109;以实玛利-泰;Ishmael Tai;2;2;6;57;56;68;59;46;50;51;67;57;70;48;56;49;53;21;0;骑士;7;4;1277667;0;0;0;0;0;0;0;0;0;0
110;路易斯-诺尔顿;Louis Norton;1;5;6;57;56;63;66;46;60;61;64;57;67;52;57;54;55;26;8;骑士;7;4;1565004;0;0;0;0;0;0;0;0;0;0
111;菲利普-约翰;Philip John;3;5;6;50;54;65;67;48;58;62;55;57;66;54;54;51;53;26;8;骑士;7;3;4724013;0;0;0;0;0;0;0;0;0;0
112;格雷戈里-伊兹;Gregory Iz;2;3;6;67;68;69;49;47;48;66;60;59;71;42;59;51;55;24;6;骑士;7;4;4506871;0;0;0;0;0;0;0;0;0;0
113;肯扬-汉西;Kenyon Hancy;4;3;6;54;49;53;48;64;51;65;60;58;55;40;45;57;51;20;2;骑士;7;4;1644335;0;0;0;0;0;0;0;0;0;0
114;康纳尔-莱麦尔;Connor Lemaire;5;1;6;53;51;55;57;66;62;65;54;59;56;49;50;60;55;24;6;骑士;7;3;4562456;0;0;0;0;0;0;0;0;0;0
115;詹姆斯-赫尔曼;James Hermann;5;3;6;57;60;64;54;50;47;49;53;58;63;48;55;42;48;24;6;骑士;7;4;4939591;0;0;0;0;0;0;0;0;0;0
116;罗斯-吉布森;Ross Gibson;1;5;6;69;49;45;67;65;49;52;50;59;51;55;54;49;52;28;10;骑士;7;4;5883508;0;0;0;0;0;0;0;0;0;0
117;马克斯-兰斯当;Max Lansden;3;4;6;62;56;65;50;55;60;56;53;58;66;43;53;51;53;22;1;骑士;7;3;3221736;0;0;0;0;0;0;0;0;0;0
118;克鲁兹-诺克;Cruz Knock;3;2;6;59;57;69;58;55;58;56;45;58;70;49;57;48;53;24;6;骑士;7;4;3866536;0;0;0;0;0;0;0;0;0;0
119;罗德尼-塞恩斯伯里;Rodney Sainsbury;4;5;6;49;63;60;54;55;51;55;67;59;61;45;52;51;52;31;13;骑士;7;3;5615143;0;0;0;0;0;0;0;0;0;0
120;杰西-麦肯;Jesse McCann;2;2;6;53;56;59;49;54;47;69;65;58;62;39;48;56;52;30;12;骑士;7;3;5079293;0;0;0;0;0;0;0;0;0;0
121;梅尔文-曼西;Melvin Mancy;5;3;6;50;63;48;51;53;63;57;59;59;50;44;48;54;51;30;12;骑士;7;4;2247232;0;0;0;0;0;0;0;0;0;0
122;约旦-米尔豪斯;Jordan Milhaus;4;3;6;62;50;58;57;50;58;54;64;57;59;49;52;51;51;34;16;骑士;7;4;1816335;0;0;0;0;0;0;0;0;0;0
123;拉特里尔-卡什曼;Ratrill Kashman;1;1;6;58;57;50;45;50;64;56;53;58;55;36;46;50;48;32;14;骑士;7;3;1456323;0;0;0;0;0;0;0;0;0;0
124;肯德尔-韦茅斯;Kendall Weymouth;2;4;6;62;60;61;53;65;58;68;57;60;64;44;54;59;57;34;16;骑士;7;3;4354139;0;0;0;0;0;0;0;0;0;0
125;戈兰-泰斯;Goran Tess;1;4;6;63;59;46;51;46;49;54;57;57;52;42;49;46;48;32;14;骑士;7;3;1818896;0;0;0;0;0;0;0;0;0;0
126;家伙-埃尔莫尔;Guy - Elmore;2;2;6;46;48;47;58;49;67;48;69;56;52;45;42;55;48;33;15;骑士;7;3;5222652;0;0;0;0;0;0;0;0;0;0
127;斯凯勒-佩吉特;Skeller Paget;4;3;6;64;51;49;48;66;59;65;55;59;52;42;48;59;54;22;4;活塞;8;4;4820172;0;0;0;0;0;0;0;0;0;0
128;贾迈尔-卡洛;Jamal Carlo;3;5;6;60;53;55;60;45;56;68;56;56;58;50;52;51;52;28;10;活塞;8;4;3694015;0;0;0;0;0;0;0;0;0;0
129;贝诺特-斯威策;Bennett Switzer;4;4;6;52;66;54;62;45;54;68;51;58;56;53;53;49;51;27;9;活塞;8;4;1896322;0;0;0;0;0;0;0;0;0;0
130;布兰登-贾米森;Brandon Jamison;3;5;6;56;45;62;48;50;63;53;55;56;64;39;47;50;49;19;0;活塞;8;4;1912482;0;0;0;0;0;0;0;0;0;0
131;埃米利亚诺-钱德勒;Emiliano Chandler;3;4;6;67;65;50;52;64;63;60;53;61;54;46;53;57;56;25;7;活塞;8;3;5322922;0;0;0;0;0;0;0;0;0;0
132;达尔文-圣卢西亚;Darwin Saint Lucia;4;5;6;56;50;48;53;63;50;47;51;58;51;45;46;47;47;23;5;活塞;8;3;4430939;0;0;0;0;0;0;0;0;0;0
133;米卡-塞曼;Mika Zeeman;4;1;6;59;61;57;52;64;51;49;67;60;59;45;53;53;53;24;6;活塞;8;4;4927048;0;0;0;0;0;0;0;0;0;0
134;科特斯-斯托尔曼;Cortes Stolman;2;5;6;51;61;58;60;62;50;60;52;60;61;48;51;52;52;20;2;活塞;8;3;4308910;0;0;0;0;0;0;0;0;0;0
135;开-诺里斯;Kai Norris;2;1;6;51;48;54;52;64;56;53;50;58;58;41;45;51;48;27;9;活塞;8;3;1897417;0;0;0;0;0;0;0;0;0;0
136;盖伊-科茨;Guy Coats;4;4;6;45;54;69;67;47;60;68;69;57;68;55;55;56;56;19;1;活塞;8;3;1438143;0;0;0;0;0;0;0;0;0;0
137;俾斯麦-博克;Bismarck Bok;5;3;6;51;47;50;63;52;57;54;64;57;52;53;48;51;49;31;13;活塞;8;4;5634970;0;0;0;0;0;0;0;0;0;0
138;沙奎尔-库克曼;Shaquille Cookman;1;5;6;66;46;68;67;67;53;65;68;58;71;54;60;63;62;34;16;活塞;8;4;3119859;0;0;0;0;0;0;0;0;0;0
139;科伦-凯克;Koren Keck;3;5;6;57;50;65;64;63;64;54;55;58;66;53;55;55;56;30;12;活塞;8;3;3008287;0;0;0;0;0;0;0;0;0;0
140;诺埃-曼特尔;Noe Mantel;5;3;6;60;68;54;49;65;60;48;47;62;55;44;55;51;53;33;15;活塞;8;4;2512756;0;0;0;0;0;0;0;0;0;0
141;埃尔默-夸特曼;Elmer Quartman;4;4;6;64;52;53;47;68;64;69;48;59;55;41;49;62;55;32;14;活塞;8;3;3202536;0;0;0;0;0;0;0;0;0;0
142;诺兰-布莱克利;Nolan Blackley;1;5;6;61;68;51;68;51;49;66;48;59;56;56;57;48;53;34;16;活塞;8;3;5349725;0;0;0;0;0;0;0;0;0;0
143;凯恩-巴斯利;Kane Basley;1;4;6;49;46;57;48;69;49;56;55;58;61;36;44;54;49;33;15;活塞;8;4;4631227;0;0;0;0;0;0;0;0;0;0
144;费利克斯-皮林;Felix Piling;1;4;6;49;61;69;52;66;64;63;65;61;72;40;54;63;58;33;15;活塞;8;4;1044334;0;0;0;0;0;0;0;0;0;0
145;霍特-阿贝;Hote Abbe;2;5;6;51;53;55;46;61;56;69;62;59;59;36;45;60;51;21;3;步行者;9;4;3906580;0;0;0;0;0;0;0;0;0;0
146;马尔科姆-胡德;Malcolm Hood;5;4;6;62;69;48;60;68;52;46;63;63;50;55;57;52;54;20;2;步行者;9;3;5029357;0;0;0;0;0;0;0;0;0;0
147;肖恩-哈维尔;Sean Javier;2;4;6;60;53;54;45;65;57;68;61;59;58;37;47;61;53;19;0;步行者;9;4;1815992;0;0;0;0;0;0;0;0;0;0
148;丹尼尔-舍本;Daniel Sheben;4;5;6;56;63;61;67;55;57;50;60;59;62;58;58;50;54;26;8;步行者;9;4;2262655;0;0;0;0;0;0;0;0;0;0
149;哈伊姆-马西斯;Haim Masis;1;5;6;51;55;62;66;65;58;58;45;60;66;51;54;51;53;20;2;步行者;9;3;4006937;0;0;0;0;0;0;0;0;0;0
150;劳尔-克罗姆;Raoul Krom;4;4;6;61;48;51;63;50;53;49;63;56;54;54;51;47;49;24;6;步行者;9;4;5061269;0;0;0;0;0;0;0;0;0;0
151;兰斯-诺比;Lance Nobi;5;3;6;67;50;55;58;58;56;61;58;58;56;52;53;54;54;22;1;步行者;9;3;4370660;0;0;0;0;0;0;0;0;0;0
152;阿尔提斯-哈特菲尔德;Artis Hartfield;3;5;6;61;67;66;46;48;51;60;45;59;67;40;54;44;50;21;3;步行者;9;3;1271449;0;0;0;0;0;0;0;0;0;0
153;阿尔贝托-罗伊斯顿;Alberto Royston;4;1;6;61;51;45;61;69;68;45;53;59;49;53;49;56;53;20;2;步行者;9;4;4679619;0;0;0;0;0;0;0;0;0;0
154;丹尼斯-莫滕;Dennis Morten;2;2;6;57;60;64;66;47;46;63;65;58;66;54;57;51;54;23;5;步行者;9;3;2938463;0;0;0;0;0;0;0;0;0;0
155;亚历山德罗-哈迪曼;Alexandro Hadiman;2;2;6;45;57;50;45;68;51;60;45;60;55;35;42;51;46;31;13;步行者;9;3;1673698;0;0;0;0;0;0;0;0;0;0
156;安东尼奥-杰瑞;Antonio Jerry;5;2;6;48;59;66;55;55;64;62;45;59;65;47;53;54;54;33;15;步行者;9;4;1988696;0;0;0;0;0;0;0;0;0;0
157;桑尼-威尔金斯;Sunny Wilkins;5;1;6;48;49;67;62;49;59;46;52;56;66;52;52;45;48;33;15;步行者;9;3;1722841;0;0;0;0;0;0;0;0;0;0
158;约什-恩德比;Josh Enderby;3;2;6;52;60;56;51;62;61;55;65;60;59;42;49;58;54;31;13;步行者;9;4;2082975;0;0;0;0;0;0;0;0;0;0
159;布鲁克斯-谢里特;Brooks Sherrett;1;2;6;60;47;50;67;61;49;47;62;58;55;53;52;51;52;31;13;步行者;9;4;2750384;0;0;0;0;0;0;0;0;0;0
160;安杰洛-西森;Angelo Sisen;2;4;6;48;58;46;62;56;49;67;63;59;51;49;46;56;50;32;14;步行者;9;4;3594360;0;0;0;0;0;0;0;0;0;0
161;谢尔顿-肖特;Sheldon Short;1;4;6;56;69;47;50;68;49;60;64;63;53;40;49;59;53;34;16;步行者;9;3;1502404;0;0;0;0;0;0;0;0;0;0
162;阿隆-惠廷;Aaron Whiting;3;1;6;50;51;53;60;49;60;58;61;57;56;48;48;52;51;32;14;步行者;9;3;4084327;0;0;0;0;0;0;0;0;0;0
163;赛迪斯-博德曼;Seth Bodeman;2;3;6;52;61;68;65;59;50;61;45;60;70;52;57;48;53;26;8;雄鹿;10;4;3296584;0;0;0;0;0;0;0;0;0;0
164;布赖森-斯温德尔;Bryson Swindle;3;3;6;54;68;55;57;60;50;59;66;61;58;48;53;55;55;27;9;雄鹿;10;3;4095798;0;0;0;0;0;0;0;0;0;0
165;格雷迪-杜陵;Grady Duling;1;3;6;69;46;64;68;65;56;55;58;58;67;56;61;55;58;25;7;雄鹿;10;4;5462184;0;0;0;0;0;0;0;0;0;0
166;希度-斯特德曼;Hido Stedman;5;2;6;67;50;56;48;63;69;52;53;58;57;43;51;57;54;22;4;雄鹿;10;3;5056648;0;0;0;0;0;0;0;0;0;0
167;克莱顿-阿斯特伯里;Clayton Asterbury;5;4;6;58;45;46;68;61;45;55;61;57;49;59;49;49;49;19;1;雄鹿;10;3;1038045;0;0;0;0;0;0;0;0;0;0
168;达拉斯-考迪尔;Dallas Cordier;2;5;6;51;65;45;63;57;57;54;49;60;50;51;48;49;48;27;9;雄鹿;10;3;1450640;0;0;0;0;0;0;0;0;0;0
169;奥斯瓦尔多-奥尔曼;Oswaldo Olman;3;5;6;52;57;48;53;49;56;66;50;57;52;44;45;50;48;24;6;雄鹿;10;3;2074716;0;0;0;0;0;0;0;0;0;0
170;乔纳森-劳费尔;Jonathan Laufer;1;1;6;53;52;58;53;52;67;49;59;57;62;41;49;52;50;28;10;雄鹿;10;4;4821490;0;0;0;0;0;0;0;0;0;0
171;贝尔纳-比尔克;Bernard Bilk;5;2;6;57;55;63;50;67;54;54;57;60;62;44;53;54;53;24;6;雄鹿;10;3;2857062;0;0;0;0;0;0;0;0;0;0
172;埃尔金-威尔迪;Elgin Verdi;3;1;6;66;67;68;52;50;58;48;47;59;69;46;58;44;52;19;0;雄鹿;10;4;3182753;0;0;0;0;0;0;0;0;0;0
173;本杰明-皮斯利;Benjamin Pisley;5;5;6;64;46;62;51;46;62;65;67;56;62;45;51;55;54;30;12;雄鹿;10;3;2429902;0;0;0;0;0;0;0;0;0;0
174;安德森-基特;Anderson Kit;3;5;6;48;48;54;63;50;52;46;46;56;57;50;47;41;45;34;16;雄鹿;10;3;3954291;0;0;0;0;0;0;0;0;0;0
175;阿琼-布拉夫;Arjun Brave;3;1;6;55;60;47;67;68;62;45;62;61;51;56;52;56;55;32;14;雄鹿;10;4;5383880;0;0;0;0;0;0;0;0;0;0
176;德安吉洛-多米尼;De Angelo Dominica;3;3;6;50;69;55;46;58;46;57;48;61;58;38;48;46;48;34;16;雄鹿;10;3;1037753;0;0;0;0;0;0;0;0;0;0
177;库尔特-默;Kurt Mo;1;4;6;48;64;61;63;48;58;62;47;58;65;49;53;47;50;33;15;雄鹿;10;3;4213608;0;0;0;0;0;0;0;0;0;0
178;卡洛斯-莱特尔;Carlos Letter;3;5;6;64;49;51;64;48;66;60;65;56;55;54;52;56;55;30;12;雄鹿;10;4;4157158;0;0;0;0;0;0;0;0;0;0
179;迈克尔-戴尔;Michael Dell;4;2;6;47;52;56;45;65;50;64;68;59;58;37;44;58;51;32;14;雄鹿;10;4;2668821;0;0;0;0;0;0;0;0;0;0
180;尼克-霍奇曼;Nick Hodgman;2;5;6;59;45;64;67;69;65;66;45;58;66;54;55;57;56;32;14;雄鹿;10;4;3314226;0;0;0;0;0;0;0;0;0;0
181;塞尔吉-格里姆肖;Sergei Grimshaw;1;4;6;67;52;59;53;45;47;48;68;56;63;43;54;48;52;20;0;老鹰;11;4;5929241;0;0;0;0;0;0;0;0;0;0
182;胡里奥-爱普雷;Julio Epre;2;2;6;66;68;49;58;51;66;46;59;59;54;50;54;50;52;21;3;老鹰;11;3;4527394;0;0;0;0;0;0;0;0;0;0
183;科比-切瑟;Kobe Cheser;2;4;6;67;52;56;62;48;51;56;65;57;60;52;55;51;53;22;4;老鹰;11;3;2661804;0;0;0;0;0;0;0;0;0;0
184;达里尔-索尔比;Daryl Solby;4;2;6;51;56;66;49;47;69;66;50;57;66;41;51;54;53;23;5;老鹰;11;4;2070426;0;0;0;0;0;0;0;0;0;0
185;伯瑞斯-默特尔;Boris Mertel;3;5;6;59;50;61;57;50;46;55;50;57;63;48;52;44;48;23;5;老鹰;11;3;2104428;0;0;0;0;0;0;0;0;0;0
186;特雷弗-里斯登;Trevor Risden;1;4;6;50;50;63;53;55;52;54;47;57;67;41;49;45;48;25;7;老鹰;11;4;4922978;0;0;0;0;0;0;0;0;0;0
187;卡梅伦-斯莫利;Cameron Smoley;1;1;6;62;63;45;54;69;46;68;53;62;51;44;50;56;53;29;11;老鹰;11;3;1188968;0;0;0;0;0;0;0;0;0;0
188;拉希德-莱文沃思;Rashid Levinworth;5;2;6;67;58;54;45;56;53;57;60;59;55;41;52;51;51;20;2;老鹰;11;4;2659112;0;0;0;0;0;0;0;0;0;0
189;朗尼-奈顿;Lonnie Knighton;4;2;6;69;67;60;68;46;54;46;60;58;61;62;63;44;53;24;6;老鹰;11;4;2168959;0;0;0;0;0;0;0;0;0;0
190;迈克尔-莱基;Michael Lecchi;3;5;6;51;47;69;54;64;60;63;61;58;70;43;50;60;56;19;1;老鹰;11;3;5472397;0;0;0;0;0;0;0;0;0;0
191;斯里谱-阿特利;Sripu Atley;4;3;6;62;66;64;54;51;49;49;52;59;64;48;58;43;50;33;15;老鹰;11;3;2072483;0;0;0;0;0;0;0;0;0;0
192;萨姆森-古冶;Samson Guye;2;5;6;56;60;55;59;60;68;53;67;60;59;48;51;60;55;31;13;老鹰;11;3;1784778;0;0;0;0;0;0;0;0;0;0
193;巴雷特-阿依特斯;Barrett Aytes;5;1;6;65;46;69;54;45;53;61;48;56;67;48;55;46;50;31;13;老鹰;11;4;5958639;0;0;0;0;0;0;0;0;0;0
194;安东尼-胡佛;Anthony Hoover;1;5;6;53;66;45;54;46;52;53;47;58;51;43;47;42;45;30;12;老鹰;11;4;1644018;0;0;0;0;0;0;0;0;0;0
195;贾伦-莫索普;Jaren Mosop;4;1;6;52;62;61;59;61;65;64;48;60;62;50;55;57;56;30;12;老鹰;11;3;1534516;0;0;0;0;0;0;0;0;0;0
196;查克-安布罗斯;Chuck Ambrose;4;4;6;63;55;48;52;49;68;49;63;57;51;46;49;52;51;31;13;老鹰;11;4;4499642;0;0;0;0;0;0;0;0;0;0
197;马修-法罗;Matthew Farrow;1;2;6;51;53;68;47;66;52;45;68;59;71;36;50;56;53;31;13;老鹰;11;3;2992160;0;0;0;0;0;0;0;0;0;0
198;雷蒙-科特尔;Raymond Cotter;5;2;6;51;50;68;49;58;67;60;63;58;66;42;50;59;55;33;15;老鹰;11;4;3712473;0;0;0;0;0;0;0;0;0;0
199;大卫-克莱纳;David Kleiner;4;2;6;59;52;53;47;59;48;49;51;58;55;40;47;46;46;26;8;黄蜂;12;3;1920135;0;0;0;0;0;0;0;0;0;0
200;汤姆-克罗默;Tom Cromer;2;4;6;68;45;52;67;61;47;52;54;57;56;56;53;49;51;21;0;黄蜂;12;4;5764526;0;0;0;0;0;0;0;0;0;0
201;菲尼克斯-芬特雷斯;Phoenix Fentrez;5;4;6;58;66;56;54;52;54;50;48;59;57;48;55;45;50;23;5;黄蜂;12;3;2068633;0;0;0;0;0;0;0;0;0;0
202;乔纳森-科沃尔;Jonathan Kowal;3;4;6;46;69;47;47;66;66;63;63;62;51;38;44;63;54;27;9;黄蜂;12;3;5903826;0;0;0;0;0;0;0;0;0;0
203;克鲁兹-克西;Cruz Kexi;5;4;6;54;46;48;57;47;67;45;49;56;50;49;46;47;46;25;7;黄蜂;12;4;2849253;0;0;0;0;0;0;0;0;0;0
204;奥兰多-海明;Orlando Heming;4;1;6;64;47;58;63;67;59;47;51;58;59;55;54;52;53;23;5;黄蜂;12;3;2368614;0;0;0;0;0;0;0;0;0;0
205;裘德-厄尔;Jude Earl;3;2;6;65;46;49;56;55;52;64;58;57;53;47;49;53;52;24;6;黄蜂;12;3;4005007;0;0;0;0;0;0;0;0;0;0
206;埃塞基耶尔-兰尼尔;Essekier Lanier;4;5;6;60;56;48;61;67;56;59;55;60;51;53;52;56;54;20;1;黄蜂;12;3;2080707;0;0;0;0;0;0;0;0;0;0
207;马努-蒂尔登;Manu Tilden;1;5;6;52;53;47;60;55;51;55;62;58;53;46;47;52;49;28;10;黄蜂;12;4;3892606;0;0;0;0;0;0;0;0;0;0
208;哈罗德-库姆斯;Harold Cooms;4;5;6;67;62;46;53;69;54;67;47;61;50;48;53;57;55;22;4;黄蜂;12;4;4789038;0;0;0;0;0;0;0;0;0;0
209;寇瑞-布罗德斯;Curry Brodes;5;1;6;57;56;54;50;62;55;54;60;59;55;44;50;53;52;34;16;黄蜂;12;4;5573642;0;0;0;0;0;0;0;0;0;0
210;奈杰尔-克莱尔;Nigel Claire;2;1;6;53;61;58;58;45;54;66;53;57;61;47;51;49;50;30;12;黄蜂;12;4;4057283;0;0;0;0;0;0;0;0;0;0
211;戴克澜-法鲁克;Dylan Farouk;4;2;6;62;58;69;45;60;58;50;65;59;68;39;54;54;54;30;12;黄蜂;12;4;1475956;0;0;0;0;0;0;0;0;0;0
212;拉马尔-吉勒姆;Lamar Gilem;5;4;6;46;53;52;64;53;58;60;56;58;54;53;49;52;51;33;15;黄蜂;12;4;2087536;0;0;0;0;0;0;0;0;0;0
213;贾马尔-塞维尔;Jamal Seville;2;4;6;63;54;46;60;52;45;54;61;58;51;50;50;48;49;34;16;黄蜂;12;4;2162470;0;0;0;0;0;0;0;0;0;0
214;真诚-纳尔;Sincerity - Nahr;2;5;6;57;47;62;51;62;45;68;54;58;65;41;50;53;51;32;14;黄蜂;12;4;5563311;0;0;0;0;0;0;0;0;0;0
215;拉希德-勒沃尔;Rashid Levor;5;1;6;69;59;67;59;56;55;51;62;59;66;54;61;50;55;33;15;黄蜂;12;3;1648371;0;0;0;0;0;0;0;0;0;0
216;洛尔-卡洛;Lor Carlo;5;2;6;57;67;66;57;60;53;45;68;61;65;51;59;50;54;33;15;黄蜂;12;4;3616166;0;0;0;0;0;0;0;0;0;0
217;贾维尔-贝斯福德;Javier Besford;1;2;6;49;50;67;60;54;53;64;52;57;70;46;52;51;52;26;8;热火;13;3;1511224;0;0;0;0;0;0;0;0;0;0
218;本-詹宁斯;Ben Jennings;3;5;6;58;64;62;51;58;58;60;58;60;64;43;53;55;55;24;6;热火;13;4;4043745;0;0;0;0;0;0;0;0;0;0
219;约翰尼-阿富顿;Johnny Afton;2;1;6;69;46;64;63;56;54;63;66;57;66;53;58;57;57;22;1;热火;13;3;2557318;0;0;0;0;0;0;0;0;0;0
220;撒迦利亚-萨克尔;Zachariah Saker;3;5;6;52;69;66;54;64;50;62;50;62;67;45;55;52;55;20;2;热火;13;3;3787347;0;0;0;0;0;0;0;0;0;0
221;蔡斯-奥德;Chase Oder;3;2;6;51;62;52;51;63;58;58;49;60;55;42;47;53;51;22;4;热火;13;3;5907924;0;0;0;0;0;0;0;0;0;0
222;鲁迪-阿依特斯;Rudy Aytes;2;5;6;51;65;62;63;54;65;59;46;59;65;51;55;50;53;27;9;热火;13;3;5891620;0;0;0;0;0;0;0;0;0;0
223;阿萨-诺特曼;Asa Notman;4;2;6;46;61;61;66;52;57;54;57;58;62;55;54;49;52;21;3;热火;13;3;3907489;0;0;0;0;0;0;0;0;0;0
224;拉马库斯-马丁森;Ramakus Martinson;4;1;6;67;53;54;50;48;55;69;52;57;56;44;51;51;51;20;0;热火;13;4;5824852;0;0;0;0;0;0;0;0;0;0
225;库尔特-布里杰;Kurt Bridger;3;4;6;60;53;46;46;64;45;51;63;59;50;39;45;51;49;29;11;热火;13;4;1327412;0;0;0;0;0;0;0;0;0;0
226;威利斯-沃兰;Willis Walland;1;1;6;57;49;65;62;57;67;65;51;57;68;49;55;55;55;29;11;热火;13;4;1280335;0;0;0;0;0;0;0;0;0;0
227;阿里尔-皮科克;Ariel Picock;4;3;6;48;45;64;55;50;57;61;48;56;64;45;48;49;49;32;14;热火;13;4;4093426;0;0;0;0;0;0;0;0;0;0
228;拉马库斯-亨斯利;Ramakus Hensley;5;1;6;45;60;57;61;49;60;64;64;58;58;51;52;55;53;32;14;热火;13;3;1498087;0;0;0;0;0;0;0;0;0;0
229;布赖恩-坎皮恩;Brian Campion;5;1;6;62;50;55;62;45;54;47;57;56;56;55;53;43;48;33;15;热火;13;3;3238773;0;0;0;0;0;0;0;0;0;0
230;沃利-伍德伯里;Wally Woodbury;3;2;6;62;49;68;69;65;46;66;45;59;69;58;59;51;56;31;13;热火;13;3;4862658;0;0;0;0;0;0;0;0;0;0
231;马利克-普劳尔;Malik Prauer;4;1;6;55;52;58;65;56;57;64;53;58;59;55;53;54;54;33;15;热火;13;4;3433787;0;0;0;0;0;0;0;0;0;0
232;贡纳尔-弗里斯比;Gonnar Frisby;5;1;6;51;67;52;66;48;45;50;68;59;54;58;55;44;49;34;16;热火;13;4;4238272;0;0;0;0;0;0;0;0;0;0
233;阿朗佐-列文;Alonzo Levin;3;5;6;60;67;55;53;49;46;60;53;59;58;46;53;46;50;32;14;热火;13;3;5170976;0;0;0;0;0;0;0;0;0;0
234;丹-希普利;Dan Shipley;4;2;6;51;50;62;68;64;50;45;56;59;63;56;54;48;51;30;12;热火;13;3;2853422;0;0;0;0;0;0;0;0;0;0
235;拉里-高布乐;Larry Gobler;1;5;6;54;55;57;62;58;45;61;47;59;61;49;52;47;50;20;2;魔术;14;4;1758649;0;0;0;0;0;0;0;0;0;0
236;卡梅伦-霍尔德里奇;Cameron Holdridge;2;3;6;56;69;51;53;60;52;55;69;61;55;44;50;57;53;23;5;魔术;14;4;3241441;0;0;0;0;0;0;0;0;0;0
237;泽维尔-普雷斯顿;Xavier Preston;2;5;6;52;55;69;48;47;67;50;69;57;71;38;51;55;53;26;8;魔术;14;3;5982924;0;0;0;0;0;0;0;0;0;0
238;雷蒙德-埃德蒙逊;Raymond Edmundson;5;1;6;69;64;52;55;47;51;45;61;58;54;51;56;42;49;28;10;魔术;14;4;4483570;0;0;0;0;0;0;0;0;0;0
239;马努-莱斯利;Manu Leslie;5;4;6;62;45;50;49;58;51;48;56;57;52;43;46;47;46;21;1;魔术;14;3;4570465;0;0;0;0;0;0;0;0;0;0
240;马尔克斯-阿利斯;Marquez Ellis;5;4;6;46;68;59;65;56;50;45;60;60;59;56;56;45;50;28;10;魔术;14;4;5901698;0;0;0;0;0;0;0;0;0;0
241;特雷尔-比尔格;Terrell Bilger;3;3;6;60;65;45;61;59;67;49;49;60;50;52;52;51;53;27;9;魔术;14;3;3362066;0;0;0;0;0;0;0;0;0;0
242;德万-伯基;Dewan Burke;5;2;6;54;63;56;46;45;64;54;45;58;57;40;51;47;49;20;0;魔术;14;4;5198986;0;0;0;0;0;0;0;0;0;0
243;艾弗里-托里;Avery Torry;3;5;6;67;58;67;54;68;63;61;62;61;68;47;58;62;61;27;9;魔术;14;4;3690839;0;0;0;0;0;0;0;0;0;0
244;阿方索-斯通豪斯;Alfonso Stonehouse;3;1;6;55;47;59;64;55;66;59;45;57;61;52;52;51;52;25;7;魔术;14;3;1097621;0;0;0;0;0;0;0;0;0;0
245;盖伊-弗拉维尔;Guy Flavier;1;1;6;63;69;54;64;61;57;64;58;61;59;53;58;57;58;32;14;魔术;14;3;5197131;0;0;0;0;0;0;0;0;0;0
246;米格尔-克莱蒙费朗;Miguel Clermont Ferrand;3;2;6;45;67;54;45;64;63;61;51;61;57;37;45;56;52;33;15;魔术;14;4;3496567;0;0;0;0;0;0;0;0;0;0
247;罗纳尔多-哈斯勒;Ronaldo Hassler;2;3;6;58;49;69;53;54;55;60;69;57;71;43;54;57;55;30;12;魔术;14;4;4664896;0;0;0;0;0;0;0;0;0;0
248;特雷尔-斯蒂勒;Terrell Stiller;3;2;6;47;55;68;58;49;55;54;47;57;69;47;51;45;49;31;13;魔术;14;3;2836093;0;0;0;0;0;0;0;0;0;0
249;布伦顿-兰贝斯;Brenton Lambeth;1;5;6;60;51;56;62;50;57;65;59;57;61;49;53;54;54;33;15;魔术;14;4;4171363;0;0;0;0;0;0;0;0;0;0
250;吉迪恩-赫斯顿;Gideon Heston;5;3;6;50;60;60;65;59;53;46;62;59;60;56;55;48;52;30;12;魔术;14;3;3273768;0;0;0;0;0;0;0;0;0;0
251;圣地亚哥-霍尔德里奇;Santiago Holdridge;2;4;6;62;55;52;57;55;55;54;69;58;56;47;51;55;53;32;14;魔术;14;4;5704420;0;0;0;0;0;0;0;0;0;0
252;约翰-德林克沃特;John Drinkwater;3;2;6;47;53;51;64;50;60;52;57;57;55;51;47;49;49;33;15;魔术;14;3;2835342;0;0;0;0;0;0;0;0;0;0
253;阿尔贝托-圣卢西亚;Alberto Saint Lucia;5;3;6;65;50;69;53;57;53;64;57;58;67;47;56;54;55;28;10;子弹;15;3;3904398;0;0;0;0;0;0;0;0;0;0
254;杰米-达布尼;Jamie Dabney;3;1;6;45;66;57;58;58;63;52;66;60;60;47;50;56;54;29;11;子弹;15;4;3233909;0;0;0;0;0;0;0;0;0;0
255;马克斯-海克拉夫;Max Heikraft;1;4;6;66;45;64;60;61;69;68;60;57;67;48;57;62;59;27;9;子弹;15;4;4840119;0;0;0;0;0;0;0;0;0;0
256;梅尔文-普鲁;Melvin Pru;2;2;6;55;55;69;69;57;59;46;51;58;71;56;58;47;53;26;8;子弹;15;3;5230523;0;0;0;0;0;0;0;0;0;0
257;罗汉-阿尔班;Arhat Alban;3;3;6;63;46;62;53;64;68;49;46;58;64;45;51;52;52;22;0;子弹;15;4;2361650;0;0;0;0;0;0;0;0;0;0
258;亚历克西斯-罗森;Alexis Rosen;3;4;6;54;49;46;68;61;49;65;56;58;50;55;48;54;52;28;10;子弹;15;3;4179068;0;0;0;0;0;0;0;0;0;0
259;戴夫-罗利特;Dave Rollett;5;5;6;60;58;66;64;64;68;63;59;60;65;57;59;62;61;21;3;子弹;15;4;1849027;0;0;0;0;0;0;0;0;0;0
260;萨姆森-斯努克斯;Samson Snookes;3;1;6;60;47;69;66;46;64;66;63;56;70;55;57;56;57;21;3;子弹;15;3;5042745;0;0;0;0;0;0;0;0;0;0
261;普雷斯顿-加思;Preston Garth;1;3;6;60;54;55;45;45;64;54;58;57;60;36;49;50;49;20;1;子弹;15;3;4145152;0;0;0;0;0;0;0;0;0;0
262;汤姆-斯派塞;Tom Spacer;1;4;6;46;57;56;48;51;57;49;51;58;61;37;45;45;45;27;9;子弹;15;4;4454002;0;0;0;0;0;0;0;0;0;0
263;杰文-维克;Javin Vick;2;1;6;56;51;55;56;52;54;67;58;57;59;45;48;54;51;31;13;子弹;15;3;5064039;0;0;0;0;0;0;0;0;0;0
264;埃梅卡-贝德韦尔;Emeka Bedwell;2;3;6;48;53;50;48;46;69;60;50;57;55;38;42;50;46;30;12;子弹;15;4;2173475;0;0;0;0;0;0;0;0;0;0
265;达斯汀-坦恩;Dustin Tann;1;1;6;67;69;68;56;47;55;63;66;59;71;47;62;55;59;34;16;子弹;15;3;4987429;0;0;0;0;0;0;0;0;0;0
266;科尔顿-布兰奇;Colton Blanche;4;2;6;46;63;61;51;57;62;55;63;60;62;42;50;55;53;33;15;子弹;15;4;1520166;0;0;0;0;0;0;0;0;0;0
267;西德尼-查尔斯;Sydney Charles;3;3;6;46;63;69;52;61;59;55;56;60;70;42;52;54;53;32;14;子弹;15;3;5214087;0;0;0;0;0;0;0;0;0;0
268;佐敦-格拉布;Jordan Grab;2;5;6;46;59;53;49;66;69;65;51;60;57;38;44;60;51;31;13;子弹;15;3;2959362;0;0;0;0;0;0;0;0;0;0
269;古斯-塞利;Gus Seli;1;2;6;52;54;59;59;46;59;60;49;57;63;46;51;47;49;31;13;子弹;15;4;2096774;0;0;0;0;0;0;0;0;0;0
270;摩西-彭宁顿;Moses Pennington;4;2;6;59;66;46;63;47;69;54;55;58;50;55;53;51;52;34;16;子弹;15;3;2543945;0;0;0;0;0;0;0;0;0;0
271;佐敦-梅伯里;Jordan Maybury;3;4;6;62;66;65;65;54;61;54;68;60;66;56;61;55;59;21;3;小牛;16;4;5013131;0;0;0;0;0;0;0;0;0;0
272;安托万-尤德尔;Antoine Udell;2;4;6;49;54;61;45;57;48;51;69;58;64;35;46;53;49;21;3;小牛;16;3;3749176;0;0;0;0;0;0;0;0;0;0
273;唐德-雷维斯;Donald Reeves;5;1;6;57;59;61;47;69;51;46;69;61;61;41;52;53;53;21;1;小牛;16;3;1426014;0;0;0;0;0;0;0;0;0;0
274;克林顿-比默;Clinton Bimmer;4;3;6;59;66;48;56;56;56;57;50;60;51;49;53;50;51;25;7;小牛;16;4;1855411;0;0;0;0;0;0;0;0;0;0
275;安东尼奥-克莱蒙费朗;Antonio Clermont Ferrand;5;5;6;62;63;67;68;48;53;59;53;58;66;62;63;47;55;26;8;小牛;16;3;5260049;0;0;0;0;0;0;0;0;0;0
276;基南-哈尼;Keenan Hani;1;1;6;67;51;59;65;56;66;57;62;58;63;53;58;57;57;27;9;小牛;16;4;4370690;0;0;0;0;0;0;0;0;0;0
277;阿尔伯特-阿瑟尔;Albert Arthur;5;1;6;56;57;56;47;64;57;50;46;60;57;41;50;50;50;29;11;小牛;16;4;3795056;0;0;0;0;0;0;0;0;0;0
278;诺姆-费尔法克斯;Norm Fairfax;5;2;6;53;47;55;45;69;54;48;67;59;56;38;45;54;50;29;11;小牛;16;4;5602275;0;0;0;0;0;0;0;0;0;0
279;盖伊-谢尔曼;Guy Sherman;2;5;6;62;51;67;52;61;62;59;61;58;69;43;54;58;56;18;0;小牛;16;4;1173225;0;0;0;0;0;0;0;0;0;0
280;菲利普-克鲁斯;Philip Cruise;2;5;6;56;57;52;56;53;58;62;45;58;56;46;49;48;48;25;7;小牛;16;4;4336502;0;0;0;0;0;0;0;0;0;0
281;科比-霍尔顿;Kobe Holden;4;4;6;60;61;63;57;66;54;54;57;61;63;50;57;54;56;30;12;小牛;16;3;3016069;0;0;0;0;0;0;0;0;0;0
282;阿曼多-霍尔盖特;Amando Holgate;4;2;6;64;50;50;64;55;66;62;49;57;53;56;52;55;54;33;15;小牛;16;3;5454100;0;0;0;0;0;0;0;0;0;0
283;拉沙德-林福德;Rashad Linford;1;5;6;62;48;49;68;64;63;47;51;58;54;54;53;51;52;32;14;小牛;16;3;2495183;0;0;0;0;0;0;0;0;0;0
284;基兰-萨金特;Kieran Sargent;3;5;6;45;55;62;47;52;53;52;58;58;64;37;46;48;48;33;15;小牛;16;4;5418443;0;0;0;0;0;0;0;0;0;0
285;杰梅因-哈斯金斯;Jermaine Haskins;3;4;6;62;48;54;55;64;60;57;48;58;57;46;50;53;52;34;16;小牛;16;3;3535151;0;0;0;0;0;0;0;0;0;0
286;锡安-朗德尔;Zion Randall;5;5;6;64;47;64;62;48;47;46;54;56;63;55;55;40;47;32;14;小牛;16;3;1701777;0;0;0;0;0;0;0;0;0;0
287;艾丽赛欧-拉夫代;Alessio Lavda;4;3;6;53;48;48;47;46;53;65;65;56;51;39;43;51;47;33;15;小牛;16;3;4514223;0;0;0;0;0;0;0;0;0;0
288;帕克-哈特尼斯;Parker Hartness;2;5;6;66;53;55;45;60;68;55;69;59;59;38;49;61;55;32;14;小牛;16;4;1222994;0;0;0;0;0;0;0;0;0;0
289;内特-科克雷尔;Nate Cockerell;5;3;6;51;49;55;56;57;47;69;59;57;56;47;48;53;51;18;0;火箭;17;4;4086446;0;0;0;0;0;0;0;0;0;0
290;卢克-赫斯特;Luke Hearst;4;1;6;58;49;64;46;59;54;54;62;58;64;39;50;52;51;23;5;火箭;17;4;1073181;0;0;0;0;0;0;0;0;0;0
291;阿尼-胡特;Ani Hutt;2;4;6;63;65;49;46;60;69;50;47;60;54;39;49;51;50;29;11;火箭;17;3;1122591;0;0;0;0;0;0;0;0;0;0
292;盖伊-贝德韦尔;Guy Bedwell;5;1;6;66;55;64;66;55;61;65;69;58;63;60;60;59;59;22;4;火箭;17;3;3660760;0;0;0;0;0;0;0;0;0;0
293;乔希-罗伯逊;Josh Robertson;3;1;6;64;66;50;45;63;61;51;47;61;54;39;50;51;51;28;10;火箭;17;3;3961305;0;0;0;0;0;0;0;0;0;0
294;达里尔-高德温;Daryl Godwin;5;2;6;48;56;46;53;68;63;66;62;60;49;45;46;64;55;20;2;火箭;17;4;1487824;0;0;0;0;0;0;0;0;0;0
295;布雷迪-亨利;Brady Henry;2;5;6;66;64;61;49;64;61;53;61;61;64;42;55;57;56;20;1;火箭;17;3;2083429;0;0;0;0;0;0;0;0;0;0
296;诺伦斯-布莱辛;Norrance Bryssing;2;3;6;57;51;60;56;45;62;56;55;56;63;45;51;49;50;26;8;火箭;17;4;3142362;0;0;0;0;0;0;0;0;0;0
297;约纳斯-亨宁;Jonas Henning;5;5;6;47;60;45;66;46;48;66;61;57;48;56;50;49;49;24;6;火箭;17;4;2073151;0;0;0;0;0;0;0;0;0;0
298;昆西-内尔姆斯;Quincy Nelms;3;4;6;51;51;46;65;56;63;64;66;58;50;53;47;60;54;25;7;火箭;17;4;1926939;0;0;0;0;0;0;0;0;0;0
299;斯科特-马斯特森;Scott Masterson;5;5;6;62;46;66;59;69;59;58;63;58;65;52;54;59;57;34;16;火箭;17;4;3310566;0;0;0;0;0;0;0;0;0;0
300;德安吉洛-沃波尔;De Angelo Walpole;1;3;6;69;51;59;52;62;57;52;50;58;63;43;55;50;53;30;12;火箭;17;3;2348371;0;0;0;0;0;0;0;0;0;0
301;罗密欧-巴伯;Romeo Barber;5;4;6;53;67;48;62;49;60;46;47;59;50;55;53;45;49;34;16;火箭;17;4;3265510;0;0;0;0;0;0;0;0;0;0
302;马科斯-特劳;Marcos Treau;4;1;6;62;69;52;49;65;57;45;46;62;54;44;54;49;51;31;13;火箭;17;3;2934592;0;0;0;0;0;0;0;0;0;0
303;梅森-曼德斯;Mason Mendes;2;1;6;46;61;54;48;61;66;51;45;60;58;38;45;50;47;30;12;火箭;17;4;3691740;0;0;0;0;0;0;0;0;0;0
304;安东-斯托尔斯;Anton Stoles;5;4;6;57;64;60;51;67;68;68;62;61;60;45;55;66;61;32;14;火箭;17;4;5766282;0;0;0;0;0;0;0;0;0;0
305;科林-亨斯利;Colin Hensley;2;3;6;56;60;56;60;62;49;54;46;60;60;49;52;47;50;30;12;火箭;17;3;3971726;0;0;0;0;0;0;0;0;0;0
306;布莱恩-诺茨;Brian Notts;4;2;6;53;62;50;63;63;52;56;60;60;53;54;53;53;53;30;12;火箭;17;4;4255031;0;0;0;0;0;0;0;0;0;0
307;基努-霍曼斯;Keanu Homans;5;2;6;54;54;54;63;66;60;57;50;60;55;54;52;56;54;23;5;灰熊;18;3;4173195;0;0;0;0;0;0;0;0;0;0
308;雅翁-威克利;Yaon Wickley;5;1;6;46;66;45;57;58;69;50;53;60;48;49;49;54;52;21;0;灰熊;18;4;4193103;0;0;0;0;0;0;0;0;0;0
309;斯坦利-纳什;Stanley Nash;3;2;6;54;45;66;67;67;52;54;45;58;67;54;54;50;53;24;6;灰熊;18;3;1808936;0;0;0;0;0;0;0;0;0;0
310;佩里-哈灵顿;Perry Harrington;4;1;6;66;69;51;49;65;58;54;58;62;54;44;55;55;55;26;8;灰熊;18;4;5415439;0;0;0;0;0;0;0;0;0;0
311;阿曼多-阿罗史密斯;Amando Arrowsmith;1;4;6;69;66;55;56;52;65;56;62;59;60;47;58;55;56;26;8;灰熊;18;3;3008645;0;0;0;0;0;0;0;0;0;0
312;拉马库斯-麦克米兰;Ramakus McMillan;4;3;6;52;56;58;46;65;57;51;50;60;59;39;48;52;50;28;10;灰熊;18;3;5932645;0;0;0;0;0;0;0;0;0;0
313;巴蒂尔-西蒙兹;Battier Simmons;5;5;6;69;68;69;58;52;54;69;58;59;67;54;64;54;59;21;1;灰熊;18;3;1966271;0;0;0;0;0;0;0;0;0;0
314;沃利-谢尔曼;Wally Sherman;4;4;6;62;47;45;60;47;50;66;55;56;49;52;48;49;48;23;5;灰熊;18;3;3825513;0;0;0;0;0;0;0;0;0;0
315;鲍比-迈尔;Bobby Mayer;3;5;6;68;57;55;64;57;61;46;66;59;58;56;57;53;56;28;10;灰熊;18;3;1245713;0;0;0;0;0;0;0;0;0;0
316;阿方索-凯恩斯;Alfonso Keynes;2;4;6;62;58;47;57;63;53;61;56;60;52;48;50;55;52;22;4;灰熊;18;3;3069697;0;0;0;0;0;0;0;0;0;0
317;霍里斯-洛夫格罗夫;Horis Lovegrove;3;3;6;45;65;63;48;61;62;50;62;61;65;39;49;55;53;30;12;灰熊;18;4;1470178;0;0;0;0;0;0;0;0;0;0
318;吉姆-加布里埃尔;Jim Gabriel;5;3;6;59;53;59;55;50;51;45;68;57;59;48;52;45;48;31;13;灰熊;18;4;5931574;0;0;0;0;0;0;0;0;0;0
319;埃斯特万-科迪尔;Estevan Cordier;3;1;6;61;59;48;59;57;57;64;51;59;52;50;51;53;53;32;14;灰熊;18;3;3685084;0;0;0;0;0;0;0;0;0;0
320;哈桑-斯塔顿;Hassan Staunton;4;3;6;68;66;57;54;68;55;53;49;62;59;49;58;53;55;33;15;灰熊;18;4;4782986;0;0;0;0;0;0;0;0;0;0
321;罗伯特-蒂斯代尔;Robert Tisdale;2;1;6;49;51;59;53;67;46;61;57;59;62;41;47;55;51;31;13;灰熊;18;4;4196486;0;0;0;0;0;0;0;0;0;0
322;约西亚-古格里奥塔;Josiah Gugliotta;3;2;6;57;55;46;48;67;56;46;64;60;50;40;44;55;50;32;14;灰熊;18;4;2444192;0;0;0;0;0;0;0;0;0;0
323;米尔顿-兰塞姆;Milton Ransom;4;5;6;61;62;51;45;56;58;62;65;59;54;40;50;56;53;32;14;灰熊;18;3;5536510;0;0;0;0;0;0;0;0;0;0
324;贾斯汀-奇内里;Justin Chenery;3;3;6;57;54;51;46;45;60;51;59;57;55;38;45;48;47;31;13;灰熊;18;4;5876238;0;0;0;0;0;0;0;0;0;0
325;克莱德-阿德科克;Clyde Adcock;4;1;6;62;62;65;51;57;57;58;47;59;65;45;56;50;53;21;0;山猫;19;4;5835873;0;0;0;0;0;0;0;0;0;0
326;以利亚-克莱蒙斯;Elijah Clemens;1;4;6;52;56;60;68;56;65;56;65;58;64;53;54;58;56;25;7;山猫;19;4;5185309;0;0;0;0;0;0;0;0;0;0
327;杰斯-安德里;Jess Andrei;2;3;6;60;50;66;67;60;65;68;54;58;68;55;58;58;58;28;10;山猫;19;3;5298172;0;0;0;0;0;0;0;0;0;0
328;克里斯-奇普利;Chris Chipley;1;2;6;65;50;59;53;45;68;68;59;56;63;43;54;56;54;25;7;山猫;19;4;3363693;0;0;0;0;0;0;0;0;0;0
329;阿伦-莱斯特兰奇;Alan Lestrange;5;3;6;52;65;47;69;63;59;66;63;61;50;60;55;60;58;21;3;山猫;19;3;4144850;0;0;0;0;0;0;0;0;0;0
330;埃利安-乔伊;Elian Joy;5;2;6;61;55;54;51;55;53;52;60;58;55;45;51;49;50;26;8;山猫;19;3;4801094;0;0;0;0;0;0;0;0;0;0
331;弗雷德-菲金斯;Fred Fitkins;5;5;6;54;56;58;69;58;48;52;51;59;58;60;56;46;51;26;8;山猫;19;4;1548990;0;0;0;0;0;0;0;0;0;0
332;杰拉德-韦勒;Gerald Weiler;1;5;6;61;68;45;48;57;65;45;51;60;51;40;48;48;48;23;5;山猫;19;4;5352136;0;0;0;0;0;0;0;0;0;0
333;格雷戈里-查德威克;Gregory Chadwick;2;5;6;53;64;51;47;51;65;46;51;59;55;38;46;47;47;19;1;山猫;19;3;5209240;0;0;0;0;0;0;0;0;0;0
334;查基-道丁;Chaki Dowding;3;4;6;66;64;66;53;46;45;69;65;58;67;47;57;52;55;29;11;山猫;19;3;3515235;0;0;0;0;0;0;0;0;0;0
335;里根-杰克斯;Reagan Jakes;3;2;6;58;61;53;54;51;60;60;56;58;56;46;50;52;52;30;12;山猫;19;3;2454239;0;0;0;0;0;0;0;0;0;0
336;沃恩-梅尔;Vaughn Mayer;2;5;6;58;63;47;68;45;69;60;68;58;52;56;52;57;55;33;15;山猫;19;3;3289415;0;0;0;0;0;0;0;0;0;0
337;邓肯-格里斯特;Duncan Grist;1;2;6;63;51;63;54;50;55;61;47;57;67;43;54;47;51;32;14;山猫;19;4;5521171;0;0;0;0;0;0;0;0;0;0
338;马基夫-莫斯曼;Makiv Mosman;3;1;6;48;50;59;63;52;48;45;46;57;61;50;49;40;45;33;15;山猫;19;3;3766617;0;0;0;0;0;0;0;0;0;0
339;拉马尔-西布利;Lamar Sibli;3;1;6;69;57;52;51;67;52;51;56;60;55;45;52;52;53;30;12;山猫;19;4;2488266;0;0;0;0;0;0;0;0;0;0
340;凯德-赫克斯特;Cade Hexter;3;4;6;48;59;58;60;62;49;53;54;60;60;49;50;50;51;34;16;山猫;19;3;4317385;0;0;0;0;0;0;0;0;0;0
341;纳尔逊-斯托克利;Nelson Stokeley;1;5;6;50;62;46;49;58;61;52;47;60;52;38;44;48;46;31;13;山猫;19;4;4805362;730;0;0;0;0;0;0;0;0;0
342;埃利斯-康斯托克;Ellis Comstock;4;2;6;64;62;68;57;68;69;57;46;61;68;51;60;59;59;30;12;山猫;19;3;4240734;0;0;0;0;0;0;0;0;0;0
343;以赛亚-本杰明;Isaiah Benjamin;4;4;6;64;66;46;64;61;61;66;57;61;50;57;56;59;58;22;4;马刺;20;3;1025159;0;0;0;0;0;0;0;0;0;0
344;海罗-刘易斯;Hailo Lewis;4;5;6;53;65;52;53;61;52;68;45;61;54;45;51;53;52;26;8;马刺;20;3;4108448;0;0;0;0;0;0;0;0;0;0
345;巴里-汤姆金森;Barry Tom Kinson;4;2;6;59;60;55;57;61;63;60;47;60;57;50;54;55;54;20;1;马刺;20;3;3012534;0;0;0;0;0;0;0;0;0;0
346;莱昂内尔-巴尔克莱;Lionel Barkley;4;3;6;68;69;68;48;45;47;54;47;58;68;44;60;41;50;25;7;马刺;20;3;5795029;0;0;0;0;0;0;0;0;0;0
347;科怀-曼特尔;Kohuai Mantel;1;2;6;58;65;61;58;62;49;60;69;61;65;47;56;59;58;21;3;马刺;20;3;2952464;0;0;0;0;0;0;0;0;0;0
348;奥斯汀-哈洛韦尔;Austin Hallowell;4;5;6;51;47;68;58;67;48;52;48;58;68;48;52;49;51;22;4;马刺;20;4;4191067;0;0;0;0;0;0;0;0;0;0
349;艾哈迈德-博斯托克;Ahmed Bostock;3;1;6;66;57;54;69;57;67;55;59;59;57;60;57;56;57;22;0;马刺;20;4;3315164;0;0;0;0;0;0;0;0;0;0
350;基翁-海因兹;Keon Heinz;2;2;6;65;48;66;59;55;54;51;55;57;68;49;56;49;53;25;7;马刺;20;4;5815196;0;0;0;0;0;0;0;0;0;0
351;费利佩-巴宾顿;Felipe Barbington;5;1;6;59;50;58;66;66;54;55;64;59;58;58;54;55;55;20;2;马刺;20;4;1316823;0;0;0;0;0;0;0;0;0;0
352;马里奥-谢里特;Mario Sherrit;5;5;6;47;63;48;59;69;46;54;53;62;50;50;50;51;50;20;2;马刺;20;3;1092277;0;0;0;0;0;0;0;0;0;0
353;沃利-拉普斯利;Wally Lapsley;4;2;6;67;50;65;55;69;58;48;56;59;65;48;56;54;55;31;13;马刺;20;4;1477896;0;0;0;0;0;0;0;0;0;0
354;安东尼-莫里;Anthony Murray;5;3;6;48;68;47;63;61;51;65;55;61;50;54;53;54;54;33;15;马刺;20;3;4240047;0;0;0;0;0;0;0;0;0;0
355;昆滕-纳尔逊;Kunteng Nelson;4;3;6;66;45;66;45;50;67;64;63;56;66;39;51;57;54;31;13;马刺;20;3;1175003;0;0;0;0;0;0;0;0;0;0
356;安芬尼-杰拉德;Anfeny Gerald;3;4;6;46;52;60;51;66;65;47;54;59;62;41;46;54;51;34;16;马刺;20;3;5932876;0;0;0;0;0;0;0;0;0;0
357;雅利安-格兰迪;Aryan Grandi;5;5;6;55;50;60;56;64;57;67;58;59;60;48;51;59;55;34;16;马刺;20;4;1066524;0;0;0;0;0;0;0;0;0;0
358;西奥多-奥格登;Theodore Ogden;3;2;6;51;63;45;67;45;59;46;55;58;50;55;50;44;48;31;13;马刺;20;3;1902937;0;0;0;0;0;0;0;0;0;0
359;贾罗德-钱德勒;Jarrod Chandler;3;1;6;50;47;48;64;59;69;61;56;57;52;51;46;58;53;32;14;马刺;20;3;5106109;0;0;0;0;0;0;0;0;0;0
360;阿历克谢-康斯坦斯;Alexei Constance;1;3;6;45;63;61;58;45;67;50;57;58;65;44;51;49;50;32;14;马刺;20;3;5586316;0;0;0;0;0;0;0;0;0;0
361;希度-艾佛利;Hido Avery;3;1;6;54;50;51;56;45;62;47;56;56;55;46;47;46;47;29;11;掘金;21;3;3702246;0;0;0;0;0;0;0;0;0;0
362;布雷特-罗安;Brett Roan;4;1;6;45;69;55;51;47;57;45;57;59;57;43;50;44;47;24;6;掘金;21;3;4355916;0;0;0;0;0;0;0;0;0;0
363;丹尼尔-哈珀;Daniel Harper;2;5;6;63;48;64;51;50;57;55;66;56;66;42;52;53;53;26;8;掘金;21;3;4224842;0;0;0;0;0;0;0;0;0;0
364;布雷特-阿尔伯;Brett Albert;2;5;6;60;61;66;58;67;53;55;68;61;68;48;58;59;58;20;2;掘金;21;4;1780489;0;0;0;0;0;0;0;0;0;0
365;钱宁-格林斯莱德;Channing Green Slade;3;1;6;54;65;51;64;60;60;67;65;60;55;54;53;61;58;21;0;掘金;21;4;4128072;0;0;0;0;0;0;0;0;0;0
366;米切尔-奥文顿;Mitchell Owenton;5;2;6;53;47;46;65;63;49;47;50;58;49;55;48;46;47;29;11;掘金;21;3;1826690;0;0;0;0;0;0;0;0;0;0
367;西蒙-威拉德;Simon Willard;5;3;6;55;65;64;64;66;61;55;51;61;63;57;60;56;58;22;1;掘金;21;3;3641599;0;0;0;0;0;0;0;0;0;0
368;杰罗姆-鲍尔曼;Jerome Bowerman;5;1;6;62;67;55;63;46;56;53;61;58;56;57;58;47;52;27;9;掘金;21;3;1748376;0;0;0;0;0;0;0;0;0;0
369;吉米-霍尔科姆;Jimmy Holcomb;1;4;6;65;63;53;47;63;63;63;67;61;58;39;53;63;57;20;2;掘金;21;3;5443123;0;0;0;0;0;0;0;0;0;0
370;沃恩-克莱尔;Vaughn Claire;1;4;6;51;68;53;69;68;63;50;62;62;58;55;54;58;56;21;3;掘金;21;4;2082948;0;0;0;0;0;0;0;0;0;0
371;拉米罗-斯坦伍德;Ramiro Stanwood;4;3;6;58;47;62;69;68;51;67;49;59;63;58;55;56;56;30;12;掘金;21;4;4250638;0;0;0;0;0;0;0;0;0;0
372;马里奥-米尔萨普;Mario Milsap;4;2;6;47;56;64;56;65;50;57;54;60;64;46;51;52;52;33;15;掘金;21;4;3251688;0;0;0;0;0;0;0;0;0;0
373;韦斯顿-凯斯泰尔;Weston Kesteil;2;1;6;45;53;47;47;69;55;68;46;60;52;36;40;56;47;31;13;掘金;21;4;4035959;0;0;0;0;0;0;0;0;0;0
374;哈维尔-比林顿;Javier Billington;5;1;6;55;53;54;59;61;67;69;50;59;55;51;51;61;56;30;12;掘金;21;3;2671895;0;0;0;0;0;0;0;0;0;0
375;贝尔纳-格赖斯;Bernard Grice;2;3;6;48;53;48;58;69;50;51;66;60;53;45;44;57;50;33;15;掘金;21;4;1950293;0;0;0;0;0;0;0;0;0;0
376;西奥多-艾沙姆;Theodore Asham;1;4;6;48;68;61;59;59;52;62;53;61;65;46;53;52;53;33;15;掘金;21;3;1506128;0;0;0;0;0;0;0;0;0;0
377;约西亚-罗琳;Josiah Rowling;2;5;6;68;55;54;53;55;50;56;57;58;58;45;52;50;51;30;12;掘金;21;4;1722538;0;0;0;0;0;0;0;0;0;0
378;基翁-内特;Keion Nate;4;2;6;53;47;64;50;68;58;56;57;59;64;42;49;57;53;34;16;掘金;21;4;5262794;0;0;0;0;0;0;0;0;0;0
379;尼基尔-伊尔斯利;Nigel Ilsley;2;3;6;50;52;49;48;48;45;59;57;57;54;38;43;47;45;19;1;森林狼;22;3;5367005;0;0;0;0;0;0;0;0;0;0
380;哈罗德-艾比;Harold Abby;3;1;6;46;46;64;62;62;58;56;49;58;65;49;49;52;51;24;6;森林狼;22;4;1576608;0;0;0;0;0;0;0;0;0;0
381;赛迪斯-弗里德曼;Seth Friedman;4;1;6;52;65;47;63;64;53;60;64;61;50;54;52;57;54;23;5;森林狼;22;3;4028288;0;0;0;0;0;0;0;0;0;0
382;德马库斯-穆斯;Demacus Muss;5;2;6;50;60;53;51;67;47;49;69;61;54;44;50;52;51;25;7;森林狼;22;3;1306115;0;0;0;0;0;0;0;0;0;0
383;安迪-布林格;Andy Bringer;3;1;6;47;60;56;51;62;68;52;68;60;59;41;47;60;54;20;2;森林狼;22;4;3424493;0;0;0;0;0;0;0;0;0;0
384;乔纳斯-加洛韦;Jonas Galloway;4;3;6;48;68;69;61;65;62;65;66;62;68;52;58;63;61;20;2;森林狼;22;3;5346930;0;0;0;0;0;0;0;0;0;0
385;伊萨亚斯-戴维;Isaias David;3;4;6;61;61;63;51;57;57;63;54;59;65;44;54;54;55;29;11;森林狼;22;3;5631009;0;0;0;0;0;0;0;0;0;0
386;肯巴-比瑟姆;Kenba Bitham;4;5;6;56;60;66;61;57;60;57;47;59;66;52;57;51;54;27;9;森林狼;22;4;2324292;0;0;0;0;0;0;0;0;0;0
387;贾克森-贾米森;Jackson Jamison;3;1;6;60;45;54;57;54;45;49;61;57;57;47;49;46;48;20;0;森林狼;22;4;4084792;0;0;0;0;0;0;0;0;0;0
388;戴恩-洛夫格罗夫;Dane Lovegrove;2;5;6;56;60;63;55;59;66;62;46;59;66;45;54;53;53;23;5;森林狼;22;3;3294088;0;0;0;0;0;0;0;0;0;0
389;乔治-冈恩;George Gunn;1;1;6;62;60;47;64;45;52;56;55;57;53;52;53;46;50;32;14;森林狼;22;4;3813820;0;0;0;0;0;0;0;0;0;0
390;迈克尔-霍尔库姆;Michael Holcomb;5;2;6;55;68;65;46;69;54;69;46;63;64;41;56;58;57;30;12;森林狼;22;3;1778164;0;0;0;0;0;0;0;0;0;0
391;瑞基-加尼;Ricky Garney;5;4;6;63;57;63;53;60;63;58;46;59;62;48;55;54;55;32;14;森林狼;22;3;1090667;0;0;0;0;0;0;0;0;0;0
392;夏玛-欧文;Shama Irving;3;2;6;63;65;67;65;53;57;51;62;59;68;56;61;51;57;31;13;森林狼;22;3;3312949;0;0;0;0;0;0;0;0;0;0
393;阿瑟-曼德;Arthur Mander;2;4;6;50;67;47;55;64;66;68;49;61;52;44;47;58;52;33;15;森林狼;22;4;4161325;0;0;0;0;0;0;0;0;0;0
394;塔基-里彭;Taki Rippon;3;2;6;46;46;67;68;52;45;66;50;56;68;53;52;48;51;31;13;森林狼;22;4;2736839;0;0;0;0;0;0;0;0;0;0
395;诺亚-麦恩斯;Noah Maines;5;4;6;61;62;64;52;67;63;66;63;61;63;47;57;63;60;30;12;森林狼;22;3;5375806;0;0;0;0;0;0;0;0;0;0
396;科尼利厄斯-比斯利;Cornelius Bisley;3;4;6;66;54;62;69;67;51;47;65;60;64;59;60;54;58;31;13;森林狼;22;4;4852876;0;0;0;0;0;0;0;0;0;0
397;昆廷-霍金斯;Quentin Hawkins;2;2;6;69;52;57;68;64;60;55;57;59;60;58;58;56;57;20;2;开拓者;23;4;1246434;0;0;0;0;0;0;0;0;0;0
398;伊萨亚斯-佛兰芒;Isaias Flemish;3;2;6;60;66;66;47;63;49;50;61;61;67;40;55;51;54;25;7;开拓者;23;4;1435169;0;0;0;0;0;0;0;0;0;0
399;吉迪恩-赫特;Gideon Hutt;2;3;6;59;45;49;51;59;51;49;56;57;54;41;45;49;47;25;7;开拓者;23;3;2197545;0;0;0;0;0;0;0;0;0;0
400;杰罗姆-贝斯特;Jerome Best;2;2;6;48;54;63;55;59;69;65;66;59;66;43;50;63;56;20;1;开拓者;23;3;1226052;0;0;0;0;0;0;0;0;0;0
401;巴克-汤森;Buck Townsend;2;4;6;68;69;52;62;48;64;66;58;59;56;54;57;55;56;24;6;开拓者;23;4;2685162;0;0;0;0;0;0;0;0;0;0
402;杰西-库特;Jesse Kurt;3;2;6;69;52;64;69;47;52;61;46;57;65;60;61;45;54;22;4;开拓者;23;4;1635440;0;0;0;0;0;0;0;0;0;0
403;加里-兰普;Gary Lamp;4;3;6;51;65;51;65;46;60;51;57;58;54;55;53;47;50;24;6;开拓者;23;3;2985723;0;0;0;0;0;0;0;0;0;0
404;拉塞尔-卡尔;Russell Karl;4;2;6;57;54;46;56;59;48;48;50;59;50;48;48;45;46;26;8;开拓者;23;3;5414091;0;0;0;0;0;0;0;0;0;0
405;扎扎-布里克尔;Zaza Brickel;2;4;6;63;62;64;58;51;53;56;53;58;66;49;57;47;53;22;0;开拓者;23;4;2568754;0;0;0;0;0;0;0;0;0;0
406;马龙-耶尔弗;Malone Yelph;5;3;6;66;59;49;66;56;47;63;62;59;51;60;56;51;54;28;10;开拓者;23;4;5915622;0;0;0;0;0;0;0;0;0;0
407;德肖恩-邦菲尔德;De Shawn Bonfield;4;2;6;55;56;66;64;62;65;51;50;59;66;54;57;54;55;33;15;开拓者;23;3;2537466;0;0;0;0;0;0;0;0;0;0
408;鲁道夫-吉列姆;Rudolf Gillem;5;3;6;47;56;68;51;46;59;50;53;57;66;43;51;46;48;34;16;开拓者;23;3;5508006;0;0;0;0;0;0;0;0;0;0
409;库尔特-梅纳德;Kurt Menard;4;2;6;54;48;61;48;49;65;52;57;56;62;40;47;51;49;30;12;开拓者;23;3;2749968;0;0;0;0;0;0;0;0;0;0
410;诺姆-希林;Norm Schilling;1;1;6;48;56;65;65;49;49;50;50;57;68;50;54;43;49;32;14;开拓者;23;4;1161378;0;0;0;0;0;0;0;0;0;0
411;沃尔德-霍加斯;Wald Hogarth;3;4;6;62;59;47;55;66;69;52;61;60;51;47;50;59;55;32;14;开拓者;23;3;3314716;0;0;0;0;0;0;0;0;0;0
412;沃恩-佩蒂特;Vaughn Pettitte;3;1;6;56;63;55;69;59;66;47;65;60;58;58;56;55;56;33;15;开拓者;23;4;5409875;0;0;0;0;0;0;0;0;0;0
413;雷纳尔多-克莱姆;Renaldo Clem;4;5;6;68;55;68;66;60;56;61;69;59;68;59;62;58;60;31;13;开拓者;23;3;1476601;0;0;0;0;0;0;0;0;0;0
414;罗恩-巴特勒;Ron Butler;2;4;6;63;49;54;47;67;52;61;52;59;58;39;48;54;51;32;14;开拓者;23;4;3092856;0;0;0;0;0;0;0;0;0;0
415;杰米-斯林斯;Jamie Slins;1;3;6;61;51;52;61;65;61;56;67;59;57;49;52;61;56;25;7;超音速;24;4;3052457;0;0;0;0;0;0;0;0;0;0
416;埃尔金-艾迪生;Elgin Edison;1;3;6;45;56;47;47;57;46;54;51;59;53;36;41;47;44;20;2;超音速;24;4;1370414;0;0;0;0;0;0;0;0;0;0
417;赛斯-惠特曼;Seth Whitman;2;1;6;47;64;68;48;57;52;47;59;60;70;38;51;49;50;26;8;超音速;24;4;2141272;0;0;0;0;0;0;0;0;0;0
418;若苏埃-伯布里奇;Russo Berbridge;2;3;6;48;57;56;61;60;59;66;67;59;60;48;49;61;55;22;4;超音速;24;3;2156549;0;0;0;0;0;0;0;0;0;0
419;吕克-克里斯托弗;Luc Christopher;1;2;6;45;59;45;68;65;51;54;65;60;51;52;47;57;51;20;0;超音速;24;4;4996330;0;0;0;0;0;0;0;0;0;0
420;鲁本-鲍德里奇;Ruben Baudrillich;2;5;6;50;45;66;67;59;64;50;68;57;68;52;53;58;55;24;6;超音速;24;3;1939190;0;0;0;0;0;0;0;0;0;0
421;瑞安-布拉姆霍尔;Ryan Bramhall;3;1;6;48;57;53;48;57;50;48;47;59;56;39;44;44;45;26;8;超音速;24;4;4789511;0;0;0;0;0;0;0;0;0;0
422;弗雷德里克-拉德克利夫;Frederick Radcliffe;3;5;6;49;49;68;65;62;48;57;54;58;69;52;53;51;53;20;2;超音速;24;4;2697977;0;0;0;0;0;0;0;0;0;0
423;昆滕-狄更斯;Quentin Dickens;2;4;6;57;47;53;48;62;59;48;46;58;57;39;45;48;46;22;4;超音速;24;3;4143286;0;0;0;0;0;0;0;0;0;0
424;马尔科-阿普林;Marco Arprin;2;2;6;58;49;64;45;65;57;67;53;59;66;36;49;57;53;21;1;超音速;24;3;5844399;0;0;0;0;0;0;0;0;0;0
425;雨果-克里斯蒂;Hugo Christie;1;3;6;63;59;65;48;65;52;45;60;60;68;39;55;52;54;30;12;超音速;24;3;3398117;0;0;0;0;0;0;0;0;0;0
426;克拉伦斯-哈克利斯;Clarence Hackles;5;2;6;57;61;62;67;60;49;57;63;60;62;59;59;52;55;33;15;超音速;24;3;2498363;0;0;0;0;0;0;0;0;0;0
427;罗德-埃格尔斯顿;Rod Eggleston;4;3;6;61;60;55;58;56;64;60;57;59;57;51;54;56;55;30;12;超音速;24;3;3174490;0;0;0;0;0;0;0;0;0;0
428;大流士-沃森;Darius Watson;2;2;6;56;56;56;54;53;56;50;49;58;60;44;49;46;48;33;15;超音速;24;4;2611542;0;0;0;0;0;0;0;0;0;0
429;罗伯托-普特南;Roberto Putnam;5;3;6;58;49;55;49;64;45;67;64;58;56;43;48;55;52;33;15;超音速;24;4;1317966;0;0;0;0;0;0;0;0;0;0
430;盖尔-菲尔默;Gail Filmer;2;2;6;64;47;67;57;67;54;52;62;58;69;47;56;56;56;31;13;超音速;24;3;4069385;0;0;0;0;0;0;0;0;0;0
431;达内尔-夏伯特;Darnell Charbert;4;3;6;61;49;67;59;49;46;68;49;56;67;51;55;47;51;32;14;超音速;24;3;2723991;0;0;0;0;0;0;0;0;0;0
432;路易斯-阿贝特;Louis Abbott;5;4;6;68;68;66;53;65;59;65;63;62;65;50;62;61;61;30;12;超音速;24;3;5653433;0;0;0;0;0;0;0;0;0;0
433;达里恩-阿什兰;Darien Ashland;3;2;6;62;59;69;63;48;53;61;62;58;70;54;59;51;56;23;5;爵士;25;3;4521498;0;0;0;0;0;0;0;0;0;0
434;大流士-克里普斯;Darius Kripps;4;5;6;60;52;57;57;59;45;45;65;58;59;49;52;47;49;20;2;爵士;25;4;4096911;0;0;0;0;0;0;0;0;0;0
435;埃德温-巴纳比;Edwin Barnaby;3;4;6;50;61;57;68;45;57;48;66;57;60;56;54;48;52;20;2;爵士;25;3;3378978;0;0;0;0;0;0;0;0;0;0
436;加勒特-佩卡姆;Garrett Pekam;2;1;6;48;64;57;50;55;59;49;51;59;60;40;48;48;48;21;3;爵士;25;4;1166057;0;0;0;0;0;0;0;0;0;0
437;布兰登-诺亚;Brandon Noah;5;5;6;55;63;46;47;48;64;65;57;58;49;41;48;55;52;21;0;爵士;25;4;3308375;0;0;0;0;0;0;0;0;0;0
438;克里斯-惠特利;Chris Whitley;2;2;6;69;65;50;47;60;45;61;58;60;55;41;52;52;52;28;10;爵士;25;3;5278283;0;0;0;0;0;0;0;0;0;0
439;马塞洛-卡里;Marcelo Cary;4;1;6;67;67;63;54;59;54;46;67;61;63;49;60;51;55;20;2;爵士;25;4;4537184;0;0;0;0;0;0;0;0;0;0
440;乔尔-纽荷尔;Joel Newhall;1;5;6;46;61;56;67;64;68;68;49;60;61;51;51;58;54;21;1;爵士;25;3;5367543;0;0;0;0;0;0;0;0;0;0
441;约翰尼-赛尔;Johnny Sayle;1;3;6;64;62;62;52;48;48;53;64;58;66;43;56;49;53;23;5;爵士;25;3;2279078;0;0;0;0;0;0;0;0;0;0
442;贾伦-霍奇登;Jaren Hodgden;3;3;6;58;63;47;54;68;47;57;48;61;51;46;49;50;51;27;9;爵士;25;3;4085599;0;0;0;0;0;0;0;0;0;0
443;保罗-文思;Paul Vince;4;3;6;63;54;62;46;52;57;59;65;58;63;40;52;53;52;34;16;爵士;25;4;4712124;0;0;0;0;0;0;0;0;0;0
444;本杰明-霍维尔;Benjamin Howell;4;4;6;68;60;49;50;61;58;67;57;60;52;45;53;58;55;31;13;爵士;25;4;2811762;0;0;0;0;0;0;0;0;0;0
445;佩贾-墨菲;Peja Murphy;4;2;6;53;47;47;64;53;66;46;67;57;50;53;47;53;50;31;13;爵士;25;3;4586642;0;0;0;0;0;0;0;0;0;0
446;罗赫略-豪利特;Rohelio Hollett;4;1;6;64;52;68;47;54;69;58;51;58;68;41;54;55;54;31;13;爵士;25;3;2378348;0;0;0;0;0;0;0;0;0;0
447;钱德勒-赫克托;Chandler Hector;4;5;6;67;50;47;63;63;49;61;65;58;50;55;52;55;54;31;13;爵士;25;4;3425948;0;0;0;0;0;0;0;0;0;0
448;雅各-戈尔德松;Jacob Goldson;5;3;6;56;50;68;67;65;60;55;51;59;66;58;57;55;56;30;12;爵士;25;3;3990962;0;0;0;0;0;0;0;0;0;0
449;泰瑞克-普朗凯特;Terek Pronkite;4;4;6;49;62;50;59;53;52;62;67;59;53;50;50;53;52;34;16;爵士;25;4;2349110;0;0;0;0;0;0;0;0;0;0
450;埃文-罗伊斯;Evan Royce;4;1;6;54;65;52;50;62;55;46;46;61;54;43;50;47;49;30;12;爵士;25;3;2119779;0;0;0;0;0;0;0;0;0;0
451;吉列尔莫-登利;Guillermo Denley;1;4;6;60;60;60;62;50;63;52;66;58;64;50;57;54;56;21;3;勇士;26;3;2909885;0;0;0;0;0;0;0;0;0;0
452;梅森-托尔森;Mason Tolson;4;1;6;61;53;62;46;50;67;53;69;57;63;40;50;55;53;24;6;勇士;26;4;1823218;0;0;0;0;0;0;0;0;0;0
453;凯里-赛耶斯;Kerry Sayers;3;3;6;53;57;49;68;46;53;56;52;57;53;56;51;45;49;28;10;勇士;26;4;5493785;0;0;0;0;0;0;0;0;0;0
454;赫克托-贝西克;Hector Besik;2;2;6;64;69;45;68;68;52;50;55;63;50;58;55;52;54;29;11;勇士;26;3;2191648;0;0;0;0;0;0;0;0;0;0
455;凯德-费里斯;Cade Ferris;3;4;6;62;46;52;45;56;55;64;55;57;55;38;45;53;50;20;1;勇士;26;3;3167444;0;0;0;0;0;0;0;0;0;0
456;开-富尔克;Kai Fulk;2;1;6;55;60;54;57;53;52;67;57;59;58;46;50;53;51;21;3;勇士;26;3;2079473;0;0;0;0;0;0;0;0;0;0
457;贝诺特-巴什;Bennett Bash;3;1;6;60;69;47;66;69;63;45;56;63;51;57;56;54;56;24;6;勇士;26;3;4789869;0;0;0;0;0;0;0;0;0;0
458;凯尔-布拉格斯;Kyle Bragg;3;4;6;46;64;52;49;52;47;53;48;59;55;40;45;43;45;28;10;勇士;26;4;3804847;0;0;0;0;0;0;0;0;0;0
459;米尔顿-马亚尔;Milton Mayar;5;1;6;48;54;68;66;55;55;65;64;58;66;56;55;55;55;18;0;勇士;26;4;5004849;0;0;0;0;0;0;0;0;0;0
460;穆罕默德-戴尔斯;Mohammed Dales;1;3;6;55;64;68;49;51;45;45;67;59;71;39;55;49;52;25;7;勇士;26;3;1706103;0;0;0;0;0;0;0;0;0;0
461;阿莱克斯-伯尼;Alex Bernie;5;3;6;58;56;63;55;63;52;69;69;59;62;48;54;60;57;33;15;勇士;26;4;5517803;0;0;0;0;0;0;0;0;0;0
462;特雷-纳特利;Trey Natalie;3;2;6;57;46;52;63;46;57;61;68;56;55;52;49;54;52;32;14;勇士;26;3;5309838;0;0;0;0;0;0;0;0;0;0
463;马克-伊斯特林;Mark Easterlin;4;4;6;48;57;60;64;60;46;56;58;59;61;53;53;50;51;33;15;勇士;26;4;4674330;0;0;0;0;0;0;0;0;0;0
464;威廉-切斯特菲尔德;William Chesterfield;3;1;6;65;46;52;46;55;52;57;56;57;55;39;46;50;49;33;15;勇士;26;4;4215245;0;0;0;0;0;0;0;0;0;0
465;哈桑-丘博;Hassan Chubo;2;4;6;51;57;45;62;50;54;45;68;58;50;49;46;50;48;31;13;勇士;26;4;1827177;0;0;0;0;0;0;0;0;0;0
466;克拉伦斯-罗顿;Clarence Rotton;3;2;6;62;49;58;49;59;62;58;68;58;60;41;48;59;54;34;16;勇士;26;4;4827382;0;0;0;0;0;0;0;0;0;0
467;乔夫-汉布利;Jeff Hambley;1;2;6;62;66;63;61;67;55;57;68;62;67;50;60;61;60;34;16;勇士;26;4;5742997;0;0;0;0;0;0;0;0;0;0
468;霍尔登-耶特曼;Holden Yetman;1;3;6;65;46;61;69;69;57;53;55;58;65;56;58;55;57;32;14;勇士;26;4;2083022;0;0;0;0;0;0;0;0;0;0
469;布莱恩特-阿斯特;Bryant Astor;1;1;6;62;59;59;63;55;68;66;66;59;63;51;57;62;59;22;1;快船;27;3;1329763;0;0;0;0;0;0;0;0;0;0
470;索尔-布格;Sol Bug;3;5;6;58;46;66;64;50;62;63;69;56;67;53;54;58;57;25;7;快船;27;4;3560918;0;0;0;0;0;0;0;0;0;0
471;卡梅罗-里斯;Cameron Reese;4;2;6;64;59;50;65;61;47;50;61;60;53;58;56;49;52;26;8;快船;27;3;5431895;0;0;0;0;0;0;0;0;0;0
472;唐纳德-菲克;Donald Fick;1;4;6;45;51;49;52;66;65;56;65;59;54;39;42;61;51;27;9;快船;27;3;5642911;0;0;0;0;0;0;0;0;0;0
473;以斯拉-丹福思;Ezra Danforth;1;4;6;69;69;65;53;61;51;65;68;61;68;45;61;61;61;24;6;快船;27;3;3335084;0;0;0;0;0;0;0;0;0;0
474;贾克森-洛克利;Jackson Lockley;3;4;6;54;67;45;60;57;51;45;52;60;50;51;50;45;49;21;3;快船;27;4;1138403;0;0;0;0;0;0;0;0;0;0
475;杰克逊-沃丁顿;Jackson Waddington;1;4;6;63;59;48;45;51;54;50;47;58;54;37;48;43;46;25;7;快船;27;3;3852232;0;0;0;0;0;0;0;0;0;0
476;拉希德-贝文顿;Rashid Bevington;1;5;6;55;68;69;59;52;57;60;46;59;72;47;59;47;54;22;4;快船;27;3;3580458;0;0;0;0;0;0;0;0;0;0
477;佩德罗-阿克特;Pedro Actor;3;2;6;69;47;47;68;69;63;68;47;59;51;59;54;59;57;22;0;快船;27;4;5595267;0;0;0;0;0;0;0;0;0;0
478;赫拉尔-罗伊尔;Herald Royle;1;1;6;63;65;67;67;53;57;50;67;59;70;55;63;54;59;29;11;快船;27;4;1924661;0;0;0;0;0;0;0;0;0;0
479;本-巴林顿;Ben Barrington;3;3;6;62;61;66;57;54;63;63;61;59;67;49;57;57;58;30;12;快船;27;3;4672071;0;0;0;0;0;0;0;0;0;0
480;帕克-格兰迪;Parker Grandy;5;2;6;49;45;58;67;65;64;55;46;58;58;56;50;56;53;34;16;快船;27;4;2611738;0;0;0;0;0;0;0;0;0;0
481;杰里米-帕金斯;Jeremy Perkins;1;2;6;51;62;62;63;47;54;57;47;58;66;49;54;44;50;33;15;快船;27;3;4392310;0;0;0;0;0;0;0;0;0;0
482;贾巴里-罗伊;Jabari Roy;3;3;6;52;66;57;60;67;59;55;52;62;60;50;54;55;55;32;14;快船;27;4;3130244;0;0;0;0;0;0;0;0;0;0
483;约纳斯-拉德曼;Jonas Radman;3;4;6;68;61;59;68;51;54;46;53;58;61;60;60;44;53;30;12;快船;27;4;1388345;0;0;0;0;0;0;0;0;0;0
484;安德鲁-赫巴德;Andrew Herbard;2;3;6;57;66;64;51;46;65;50;50;58;66;42;54;46;50;31;13;快船;27;3;4124244;0;0;0;0;0;0;0;0;0;0
485;阿伦-莫蒂默;Alan Mortimer;4;1;6;61;56;59;67;68;53;49;57;60;60;58;57;53;55;32;14;快船;27;4;1067649;0;0;0;0;0;0;0;0;0;0
486;里戈韦托-莱斯特兰奇;Rigovito Lestrange;3;5;6;46;58;60;48;55;51;58;53;59;62;39;46;49;48;31;13;快船;27;3;3570310;0;0;0;0;0;0;0;0;0;0
487;路易斯-德德;Louis Dede;1;5;6;45;61;63;59;69;47;45;63;61;67;45;52;54;53;21;3;湖人;28;3;4581800;0;0;0;0;0;0;0;0;0;0
488;巴特尔-霍尔福德;Barthel Holford;1;5;6;55;45;64;46;61;55;50;69;57;67;36;49;57;52;25;7;湖人;28;4;1726392;0;0;0;0;0;0;0;0;0;0
489;米克尔-韦尔顿;Mikel Wellton;4;3;6;54;67;52;48;56;45;50;63;60;54;41;50;47;48;22;1;湖人;28;3;4813817;0;0;0;0;0;0;0;0;0;0
490;科尔比-汉普顿;Colby Hampton;2;4;6;46;46;52;55;46;68;57;61;56;56;42;42;53;47;23;5;湖人;28;3;1346055;0;0;0;0;0;0;0;0;0;0
491;贡纳尔-霍普;Gonnar Hope;3;4;6;54;67;52;61;59;58;64;52;61;55;51;53;54;54;29;11;湖人;28;4;2219547;0;0;0;0;0;0;0;0;0;0
492;朱尼尔-哥德尔;Junior Godel;2;4;6;65;57;45;58;51;62;61;67;58;50;49;50;57;53;28;10;湖人;28;4;3633920;0;0;0;0;0;0;0;0;0;0
493;恩里克-凯塞尔;Enrique Kessel;2;1;6;46;68;59;58;60;62;69;69;61;62;46;51;64;57;24;6;湖人;28;3;2062604;0;0;0;0;0;0;0;0;0;0
494;温贝托-克恩;Winberto Kern;3;2;6;52;65;69;57;45;63;49;54;58;70;47;56;46;52;26;8;湖人;28;3;2491062;0;0;0;0;0;0;0;0;0;0
495;戴尔-马龙;Dell Malone;4;2;6;56;54;49;68;56;59;65;57;58;52;58;52;56;54;18;0;湖人;28;4;4395968;0;0;0;0;0;0;0;0;0;0
496;西德尼-皮特洛维奇;Sidney Petrovich;1;1;6;66;56;58;45;69;58;49;54;60;62;37;52;53;53;28;10;湖人;28;3;3062278;0;0;0;0;0;0;0;0;0;0
497;纳撒尼尔-卡恩;Nathaniel Kahn;5;4;6;50;69;65;58;57;52;67;55;61;64;51;58;54;56;31;13;湖人;28;4;3614374;0;0;0;0;0;0;0;0;0;0
498;哈雷-库特哈德;Harley Kuthard;3;5;6;66;48;61;48;53;48;60;67;57;63;41;50;53;52;31;13;湖人;0;4;2868535;0;0;0;0;0;0;0;0;0;0
499;布劳略-哈斯顿;Broglio Haston;1;5;6;47;62;46;52;50;61;60;52;58;52;40;44;50;46;30;12;湖人;0;3;4128569;0;0;0;0;0;0;0;0;0;0
500;凯尔顿-班布里奇;Kelton Bambridge;2;3;6;60;52;50;58;54;46;61;60;58;55;47;49;51;50;30;12;湖人;0;4;2834476;0;0;0;0;0;0;0;0;0;0
501;阿克塞尔-阿菜;Axel Ali;5;3;6;57;67;67;60;46;59;53;61;58;66;54;60;48;54;34;16;湖人;28;3;5886903;0;0;0;0;0;0;0;0;0;0
502;罗伊-德曼;Roy DeMann;1;5;6;59;64;64;53;47;55;55;65;58;67;43;56;52;54;30;12;湖人;28;3;5003135;0;0;0;0;0;0;0;0;0;0
503;乔伊-哈曼;Joey Harman;1;1;6;49;57;68;61;53;69;49;61;58;71;47;55;53;54;30;12;湖人;28;3;3997895;0;0;0;0;0;0;0;0;0;0
504;奇奇-沃特豪斯;Qiqi Waterhouse;1;1;6;56;66;45;60;66;54;49;64;62;51;48;50;56;53;32;14;湖人;28;4;2904595;0;0;0;0;0;0;0;0;0;0
505;阿马里-戈斯林;Amari Gosling;3;3;6;64;65;62;47;56;47;59;47;60;64;41;54;46;51;28;10;太阳;29;3;5024993;0;0;0;0;0;0;0;0;0;0
506;莫里斯-埃格勒;Maurice Egler;1;1;6;63;68;56;53;66;48;61;60;62;61;44;56;57;56;27;9;太阳;29;4;4170849;0;0;0;0;0;0;0;0;0;0
507;真诚-斯卡德;Sincerity - Skard;1;4;6;65;65;54;66;68;49;67;45;62;59;55;59;53;56;21;1;太阳;29;3;5309851;0;0;0;0;0;0;0;0;0;0
508;詹姆森-菲利普森;Jameson Phillips;2;4;6;69;48;63;59;61;52;69;58;58;66;50;57;57;57;25;7;太阳;29;4;1759927;0;0;0;0;0;0;0;0;0;0
509;卢西亚诺-卡蒂;Luciano Kati;5;3;6;50;68;61;47;52;50;45;57;59;61;41;53;43;48;20;2;太阳;29;4;1995901;0;0;0;0;0;0;0;0;0;0
510;谢尔顿-埃格尔;Sheldon Egger;1;4;6;66;63;54;53;56;67;48;51;59;59;44;55;49;52;18;0;太阳;29;4;4830693;0;0;0;0;0;0;0;0;0;0
511;卡隆-皮尼克;Karon Pinick;5;3;6;63;57;51;64;61;56;63;47;59;53;58;55;54;54;21;3;太阳;29;4;1279720;0;0;0;0;0;0;0;0;0;0
512;扎伊德鲁纳斯-欧内斯特;Zaid Runas Ernest;3;5;6;61;67;46;59;50;55;57;59;59;50;51;52;50;52;27;9;太阳;29;3;3806555;0;0;0;0;0;0;0;0;0;0
513;戴尔-贾里德;Dale Jared;5;5;6;56;45;66;66;53;69;52;45;56;65;57;54;52;53;23;5;太阳;29;4;2282768;0;0;0;0;0;0;0;0;0;0
514;布罗迪-伯德特;Brody Burdett;2;2;6;61;48;49;46;59;49;49;69;58;54;38;45;54;49;25;7;太阳;29;3;4093650;0;0;0;0;0;0;0;0;0;0
515;约迪-普洛登;Yodi Prodden;2;5;6;67;66;50;67;60;53;58;56;61;55;58;57;53;55;34;16;太阳;29;3;5030731;0;0;0;0;0;0;0;0;0;0
516;特伦顿-巴特利特;Trenton Bartlett;2;3;6;61;54;69;56;57;69;67;54;58;71;46;56;58;57;32;14;太阳;29;4;5810036;0;0;0;0;0;0;0;0;0;0
517;卢卡-萨尔;Luca Sal;5;1;6;46;59;54;52;46;59;52;50;57;55;44;48;46;47;32;14;太阳;29;4;4387029;0;0;0;0;0;0;0;0;0;0
518;鲍伯-萨默斯;Bob Summers;3;4;6;67;67;63;54;68;55;46;46;62;65;48;59;49;54;31;13;太阳;29;4;4476585;0;0;0;0;0;0;0;0;0;0
519;纳撒尼尔-格林斯特里特;Nathaniel Greenstreet;5;4;6;52;49;67;49;67;59;48;49;59;66;42;50;52;51;30;12;太阳;29;4;5495294;0;0;0;0;0;0;0;0;0;0
520;哈立德-埃弗雷特;Khalid Everett;1;1;6;53;48;52;68;63;60;48;50;58;57;52;50;50;50;30;12;太阳;29;3;1751583;0;0;0;0;0;0;0;0;0;0
521;埃米特-奥凯;Emmett Okai;4;1;6;56;49;45;52;67;46;48;54;59;49;44;45;49;47;32;14;太阳;29;3;2294071;0;0;0;0;0;0;0;0;0;0
522;兰迪-西蒙斯;Randy Simmons;4;1;6;57;60;66;63;68;48;66;66;61;66;54;59;59;59;30;12;太阳;29;4;1907180;0;0;0;0;0;0;0;0;0;0
523;易卜拉欣-德曼;Ibrahim Demann;5;5;6;53;46;62;57;51;66;69;63;56;62;48;50;60;55;23;5;国王;30;3;4617846;0;0;0;0;0;0;0;0;0;0
524;史蒂夫-诺埃尔;Steve Noel;3;3;6;56;66;51;49;57;47;52;46;60;55;42;49;44;47;29;11;国王;30;4;2885996;0;0;0;0;0;0;0;0;0;0
525;约西亚-荷马;Josiah Homer;3;3;6;69;68;57;55;64;57;69;48;62;60;49;58;56;58;19;1;国王;30;3;4034068;0;0;0;0;0;0;0;0;0;0
526;布罗迪-比蒂;Brody Beatty;5;3;6;64;56;46;50;48;67;68;68;57;49;45;49;59;55;22;4;国王;30;4;3761506;0;0;0;0;0;0;0;0;0;0
527;帕克-兰贝斯;Parker Lambeth;4;5;6;67;64;67;59;61;63;56;66;60;67;53;62;58;60;28;10;国王;30;3;1011571;0;0;0;0;0;0;0;0;0;0
528;达伦-萨尔蒙斯;Darren Salmons;2;2;6;47;66;61;64;51;46;69;68;59;64;51;53;56;54;21;3;国王;30;3;4123224;0;0;0;0;0;0;0;0;0;0
529;阿德里安-科塔姆;Adrian Kotham;4;3;6;51;51;62;51;61;45;58;62;58;63;42;49;51;50;20;2;国王;30;3;3843885;0;0;0;0;0;0;0;0;0;0
530;利亚姆-斯特拉德林;Liam Stradlin;3;1;6;68;58;61;53;47;64;49;61;57;63;46;55;50;53;22;4;国王;30;3;3151580;0;0;0;0;0;0;0;0;0;0
531;科林-霍尔姆斯;Colin Holmes;5;5;6;58;68;54;54;60;48;48;55;61;55;49;56;46;51;28;10;国王;30;4;2195705;0;0;0;0;0;0;0;0;0;0
532;杰文-米内特;Javin Minnett;4;2;6;63;63;53;55;64;54;59;59;61;55;49;54;55;55;21;0;国王;30;4;3216231;0;0;0;0;0;0;0;0;0;0
533;卡西-罗杰森;Cassie Rogerson;2;1;6;51;53;49;45;60;47;51;48;59;54;36;42;46;44;31;13;国王;30;3;5413326;0;0;0;0;0;0;0;0;0;0
534;斯特凡-威洛克斯;Stefan Willox;3;3;6;60;55;55;69;53;50;68;51;58;58;58;56;51;54;32;14;国王;30;4;3039446;0;0;0;0;0;0;0;0;0;0
535;马克西莫-福西特;Maximo Fossett;3;3;6;60;55;62;69;49;47;50;66;57;64;58;57;47;53;34;16;国王;30;4;1503034;0;0;0;0;0;0;0;0;0;0
536;谢尔顿-劳费尔;Sheldon Laufer;1;5;6;46;60;59;56;64;53;47;47;60;63;43;49;47;48;30;12;国王;30;3;3618198;0;0;0;0;0;0;0;0;0;0
537;钱宁-马丁斯;Channing Martins;1;2;6;51;67;50;65;53;52;48;50;59;55;51;51;44;48;31;13;国王;30;3;2532140;0;0;0;0;0;0;0;0;0;0
538;柯蒂斯-斯彭斯;Curtis Spence;2;3;6;48;51;62;52;68;49;52;50;59;65;41;48;50;49;31;13;国王;30;4;3677685;0;0;0;0;0;0;0;0;0;0
539;罗斯-麦金尼斯;Ross McKinnis;2;2;6;56;68;47;65;50;52;65;46;59;52;54;52;47;49;32;14;国王;30;3;2248845;0;0;0;0;0;0;0;0;0;0
540;杰米-朗赫斯特;Jamie Langhurst;2;5;6;46;53;52;49;53;55;60;62;58;56;38;42;54;48;34;16;国王;30;3;1359887;0;0;0;0;0;0;0;0;0;0
541;克林顿-狄更斯;Clinton Dickens;1;2;5;68;60;70;74;61;42;53;58;58;73;62;67;50;59;22;0;0;0;0;0;0;0;0;0;0;0;0;0;0;0
542;杰西-恩菲尔德;Jesse Enfield;2;0;4;58;68;70;74;64;48;55;57;58;72;62;64;52;59;22;0;0;0;0;0;0;0;0;0;0;0;0;0;0;0
543;埃尔弗里德-希钦斯;Alfred Hitchens;3;4;6;55;65;66;66;58;58;62;55;60;67;56;59;54;58;27;0;0;0;0;0;0;0;0;0;0;0;0;0;0;0
544;以利沙-斯托克顿;Elisha Stockton;4;0;6;53;67;54;63;62;66;67;41;61;56;54;55;58;56;28;0;0;0;0;0;0;0;0;0;0;0;0;0;0;0
545;加里-伯奇;Gary Burch;5;4;6;49;66;42;51;57;66;76;45;60;46;44;47;61;55;30;0;0;0;0;0;0;0;0;0;0;0;0;0;0;0
546;西拉斯-里亚尔;Silas Rial;1;0;7;65;63;72;71;61;44;57;59;62;74;59;67;52;60;25;0;0;0;0;0;0;0;0;0;0;0;0;0;0;0
547;昆顿-默;Quinton Mo;2;3;5;59;68;71;71;62;42;56;55;59;72;60;64;49;57;26;0;0;0;0;0;0;0;0;0;0;0;0;0;0;0
548;凯尔-赖特;Kyle Wright;3;2;5;52;66;66;67;60;56;63;54;59;67;56;58;54;57;25;0;0;0;0;0;0;0;0;0;0;0;0;0;0;0
549;马克斯-奥尔兹;Max Orz;4;5;5;54;66;52;60;58;61;66;40;59;54;52;53;53;53;25;0;0;0;0;0;0;0;0;0;0;0;0;0;0;0
550;加勒特贝尔-加伍德;Garrett Bell Garwood;5;0;7;45;69;42;51;63;64;72;45;64;46;44;48;61;55;23;0;0;0;0;0;0;0;0;0;0;0;0;0;0;0
551;蒙塔-科尔登;Monta Corden;1;2;4;69;62;69;72;63;42;47;63;57;72;60;67;51;60;29;0;0;0;0;0;0;0;0;0;0;0;0;0;0;0
552;乌列-阿克;Ulei Ak;2;3;4;59;67;71;73;57;45;46;55;57;72;61;64;45;56;28;0;0;0;0;0;0;0;0;0;0;0;0;0;0;0
553;卡梅伦-西维尔;Cameron Seville;3;4;5;58;67;66;65;59;54;66;51;59;67;56;60;53;58;24;0;0;0;0;0;0;0;0;0;0;0;0;0;0;0
554;诺曼-西尔斯;Norman Sears;4;5;5;45;65;51;57;64;65;70;40;59;54;47;49;59;54;26;0;0;0;0;0;0;0;0;0;0;0;0;0;0;0
555;罗伊-塔平;Roy Taping;5;0;4;42;67;43;54;57;65;74;42;57;46;46;46;59;53;26;0;0;0;0;0;0;0;0;0;0;0;0;0;0;0
556;雷纳尔多-迪莱尔;Renaldo Dilaire;1;2;4;65;61;65;66;61;43;49;55;57;68;55;62;48;55;27;0;0;0;0;0;0;0;0;0;0;0;0;0;0;0
557;以利沙-莫里斯;Elisha Morris;2;0;4;50;65;70;70;56;40;54;58;56;72;56;59;47;54;22;0;0;0;0;0;0;0;0;0;0;0;0;0;0;0
558;德怀特-科普兰;Dwight Copland;3;4;6;50;65;69;67;58;53;62;59;60;70;55;59;54;57;30;0;0;0;0;0;0;0;0;0;0;0;0;0;0;0
559;豪尔赫-肯布尔;Jorge Kemble;4;0;7;49;70;60;56;64;68;70;43;64;61;48;55;61;58;29;0;0;0;0;0;0;0;0;0;0;0;0;0;0;0
560;马基夫-坎彭;Makiv Campone;5;0;4;45;70;40;52;57;65;75;40;57;44;45;47;59;53;26;0;0;0;0;0;0;0;0;0;0;0;0;0;0;0
561;路易斯-斯托拉德;Louis Stolard;1;2;7;67;58;71;66;60;41;46;57;61;74;55;65;47;57;24;0;0;0;0;0;0;0;0;0;0;0;0;0;0;0
562;莱德-尤班克;Ryder Ubank;2;3;5;54;69;74;71;63;45;57;59;60;75;59;64;52;59;22;0;0;0;0;0;0;0;0;0;0;0;0;0;0;0
563;瓜达卢佩-布利斯;Guadalupe Bliss;3;0;5;56;65;66;69;59;53;65;46;59;67;58;60;51;56;27;0;0;0;0;0;0;0;0;0;0;0;0;0;0;0
564;德万-博文;Dewan Bowen;4;5;5;46;73;64;61;55;66;70;40;59;64;52;57;56;56;23;0;0;0;0;0;0;0;0;0;0;0;0;0;0;0
565;托尼-普吕多姆;Tony Prudhome;5;4;5;47;74;40;54;63;62;70;46;60;44;47;49;60;55;30;0;0;0;0;0;0;0;0;0;0;0;0;0;0;0
566;凯-芬顿;Kay Fenton;1;0;4;69;57;65;68;57;44;47;59;56;68;57;63;48;56;27;0;0;0;0;0;0;0;0;0;0;0;0;0;0;0
567;纳撒尼尔-博茨福德;Nathaniel Botsford;2;1;7;56;65;70;72;56;49;45;60;61;72;59;62;48;55;27;0;0;0;0;0;0;0;0;0;0;0;0;0;0;0
568;达米安-皮蓬;Damian Pippen;3;2;7;53;67;65;65;62;58;67;57;63;66;55;59;58;59;25;0;0;0;0;0;0;0;0;0;0;0;0;0;0;0
569;阿里尔-古奇;Ariel Gucci;4;5;6;50;71;64;56;59;69;68;40;61;64;48;57;58;57;22;0;0;0;0;0;0;0;0;0;0;0;0;0;0;0
570;安杰洛-特伦特;Angelo Trent;5;0;7;41;65;42;53;60;65;77;47;62;46;44;45;63;54;30;0;0;0;0;0;0;0;0;0;0;0;0;0;0;0
571;菲德尔-海利;Fidel Hailey;1;0;6;63;56;68;67;62;43;51;58;59;71;54;62;50;56;23;0;0;0;0;0;0;0;0;0;0;0;0;0;0;0
572;特雷西-威尔本;Tracy Wilburn;2;0;5;58;68;73;71;56;40;46;61;58;74;59;64;46;56;22;0;0;0;0;0;0;0;0;0;0;0;0;0;0;0
573;诺伦斯-普林斯;Norrance Prince;3;2;5;53;67;69;67;57;54;68;51;59;70;56;60;53;57;27;0;0;0;0;0;0;0;0;0;0;0;0;0;0;0
574;贾马尔-德惠斯特;Jamal Deweister;4;5;7;54;70;57;61;62;64;72;42;64;59;53;57;59;58;27;0;0;0;0;0;0;0;0;0;0;0;0;0;0;0
575;宾格-西维;Bingge Xiwei;5;0;5;44;70;44;53;64;62;74;47;60;47;45;49;62;56;30;0;0;0;0;0;0;0;0;0;0;0;0;0;0;0
576;格雷戈里-希金斯;Gregory Higgins;1;2;4;67;63;69;69;59;40;45;60;57;72;58;65;47;57;24;0;0;0;0;0;0;0;0;0;0;0;0;0;0;0
577;德怀特-米尔松;Dwight Millson;2;0;5;50;65;73;72;62;49;55;59;59;74;58;61;53;57;29;0;0;0;0;0;0;0;0;0;0;0;0;0;0;0
578;白-埃尔文;White Elvin;3;0;7;51;65;67;69;55;52;64;59;61;68;57;59;53;57;27;0;0;0;0;0;0;0;0;0;0;0;0;0;0;0
579;凯尔文-达灵顿;Kevin Darlington;4;0;5;48;66;58;58;60;60;74;42;59;59;49;53;57;55;29;0;0;0;0;0;0;0;0;0;0;0;0;0;0;0
580;埃塞基耶尔-菲西安;Ethiopian Fexian;5;0;5;43;70;42;52;55;64;78;45;59;46;44;47;60;54;24;0;0;0;0;0;0;0;0;0;0;0;0;0;0;0
581;戴尔-洛卡德;Dell Lockard;1;0;4;67;55;65;72;56;44;58;61;55;68;59;63;52;58;27;0;0;0;0;0;0;0;0;0;0;0;0;0;0;0
582;文-普特尼;Wen Putney;2;1;5;58;68;73;73;61;40;51;58;59;74;61;65;48;57;24;0;0;0;0;0;0;0;0;0;0;0;0;0;0;0
583;帕特里克-哈伦;Patrick Harlan;3;2;6;54;67;66;69;55;47;66;58;60;67;58;60;52;57;23;0;0;0;0;0;0;0;0;0;0;0;0;0;0;0
584;克莱德-沃德尔;Clyde Waddell;4;3;4;47;66;52;63;59;68;73;44;57;54;53;52;60;56;24;0;0;0;0;0;0;0;0;0;0;0;0;0;0;0
585;杰罗姆-海因;Jerome Hein;5;4;7;40;68;43;50;56;61;78;43;62;46;42;46;59;53;29;0;0;0;0;0;0;0;0;0;0;0;0;0;0;0
586;迭戈-林斯;Diego Lins;1;0;7;68;61;71;65;55;40;45;56;60;74;54;65;44;56;22;0;0;0;0;0;0;0;0;0;0;0;0;0;0;0
587;罗宾-鲁克;Robin Rucker;2;3;7;52;67;74;71;63;48;52;57;63;75;58;63;51;57;26;0;0;0;0;0;0;0;0;0;0;0;0;0;0;0
588;基思-杰维斯;Keith Jervis;3;0;6;53;67;69;69;62;49;63;45;61;70;58;61;50;56;29;0;0;0;0;0;0;0;0;0;0;0;0;0;0;0
589;唐纳德-希格森;Donald Higgson;4;5;5;52;65;55;56;62;60;69;44;59;57;48;52;57;54;30;0;0;0;0;0;0;0;0;0;0;0;0;0;0;0
590;克莱顿-阿斯基;Clayton Asky;5;0;5;41;74;44;54;64;65;74;40;61;47;46;49;62;56;26;0;0;0;0;0;0;0;0;0;0;0;0;0;0;0
591;多诺万-德尔菲;Donovan Delphi;1;2;4;62;55;67;73;64;44;50;63;56;70;59;62;53;58;27;0;0;0;0;0;0;0;0;0;0;0;0;0;0;0
592;维森特-斯迈尔;Vicente Smile;2;0;7;57;68;71;73;60;46;53;61;63;72;61;64;51;58;24;0;0;0;0;0;0;0;0;0;0;0;0;0;0;0
593;阿尔贝托-扎尔萨;Alberto Zalsa;3;4;7;56;68;65;67;59;57;66;52;63;66;57;60;55;58;22;0;0;0;0;0;0;0;0;0;0;0;0;0;0;0
594;斯潘塞-巴特里;Spencer Bartley;4;0;6;48;71;59;56;63;65;67;40;62;60;48;54;57;56;26;0;0;0;0;0;0;0;0;0;0;0;0;0;0;0
595;拉希德-昆西;Rashid Quincy;5;4;6;43;71;42;52;57;68;73;49;61;46;44;48;62;55;30;0;0;0;0;0;0;0;0;0;0;0;0;0;0;0
596;布莱斯-考辛斯;Bryce Cousins;1;2;7;65;63;65;71;60;44;55;56;62;68;59;64;50;58;29;0;0;0;0;0;0;0;0;0;0;0;0;0;0;0
597;罗斯-霍洛威;Ross Holloway;2;0;6;51;65;70;74;64;43;52;56;61;72;60;61;50;56;25;0;0;0;0;0;0;0;0;0;0;0;0;0;0;0
598;特伦斯-哈克尼;Terrence Hackney;3;2;4;55;67;67;68;60;57;66;56;57;68;58;60;56;59;22;0;0;0;0;0;0;0;0;0;0;0;0;0;0;0
599;戈登-埃瑟顿;Gordon Etherton;4;5;7;54;69;55;64;56;60;69;49;62;57;55;57;55;56;23;0;0;0;0;0;0;0;0;0;0;0;0;0;0;0
600;尼古拉-阿尔德;Nikolai Alder;5;4;4;46;69;41;52;61;67;78;42;58;45;45;47;63;56;30;0;0;0;0;0;0;0;0;0;0;0;0;0;0;0
601;安杰洛-霍恩比;Angelo Hornby;1;0;7;65;60;66;66;57;44;45;57;61;69;54;62;46;55;22;0;0;0;0;0;0;0;0;0;0;0;0;0;0;0
602;埃米特-钱伯斯;Emmett Chambers;2;1;5;50;67;71;72;56;49;55;55;58;72;58;61;49;55;28;0;0;0;0;0;0;0;0;0;0;0;0;0;0;0
603;詹姆森-考毕兹;Jameson Kopitz;3;0;7;55;65;68;69;64;53;65;57;63;69;58;61;57;60;29;0;0;0;0;0;0;0;0;0;0;0;0;0;0;0
604;乌杜尼斯-伯切尔;Udunis Bircher;4;3;5;47;73;58;57;55;68;66;43;59;59;48;54;56;55;22;0;0;0;0;0;0;0;0;0;0;0;0;0;0;0
605;布拉德利-哈斯拉姆;Bradley Haslam;5;4;5;43;74;43;50;55;68;72;44;59;46;43;48;60;54;29;0;0;0;0;0;0;0;0;0;0;0;0;0;0;0
606;韦恩-西尔斯;Wayne Sears;1;0;4;64;56;66;68;62;41;58;61;56;69;55;61;53;58;25;0;0;0;0;0;0;0;0;0;0;0;0;0;0;0
607;科尔比-塞尔;Colby Searle;2;0;5;50;67;70;70;57;48;55;59;59;72;57;60;50;56;23;0;0;0;0;0;0;0;0;0;0;0;0;0;0;0
608;塞尔吉奥-莱福德;Sergio Leford;3;4;4;56;66;66;68;60;57;60;57;57;67;58;60;55;58;25;0;0;0;0;0;0;0;0;0;0;0;0;0;0;0
609;达里安-佩德格拉斯特;Darian Pedgrasst;4;5;6;52;74;62;55;58;66;73;42;61;63;48;57;58;58;30;0;0;0;0;0;0;0;0;0;0;0;0;0;0;0
610;裘德-基特尔斯;Jude Kitters;5;0;7;47;71;44;50;61;66;70;46;64;47;43;50;61;55;24;0;0;0;0;0;0;0;0;0;0;0;0;0;0;0
611;迪肯贝-奈史密斯;Dickenberg Naismith;1;0;6;62;55;68;69;60;42;47;57;59;71;56;61;47;55;29;0;0;0;0;0;0;0;0;0;0;0;0;0;0;0
612;尼科拉-布伦戴奇;Nicola Brundech;2;1;4;56;66;74;72;58;44;46;62;57;75;59;63;48;56;30;0;0;0;0;0;0;0;0;0;0;0;0;0;0;0
613;达拉斯-莱特富特;Dallas Litford;3;4;5;56;68;65;67;57;50;69;48;59;66;57;60;51;57;27;0;0;0;0;0;0;0;0;0;0;0;0;0;0;0
614;贾伦-萨格尔;Jaren Sager;4;5;6;51;70;57;61;60;65;67;43;61;59;52;56;57;56;22;0;0;0;0;0;0;0;0;0;0;0;0;0;0;0
615;卢克-贝特森;Luke Bateson;5;0;4;40;66;41;51;58;62;79;41;57;45;43;44;60;53;25;0;0;0;0;0;0;0;0;0;0;0;0;0;0;0
616;道格-赫芬顿;Doug Huffington;1;2;7;61;58;66;67;60;42;52;60;61;69;54;60;50;56;30;0;0;0;0;0;0;0;0;0;0;0;0;0;0;0
617;克里夫-萨克斯顿;Cliff Saxton;2;1;5;51;69;74;73;56;43;54;63;59;75;59;63;50;57;26;0;0;0;0;0;0;0;0;0;0;0;0;0;0;0
618;布罗迪-巴特里;Brody Bartley;3;4;7;54;69;68;66;55;56;65;54;62;69;56;61;53;58;22;0;0;0;0;0;0;0;0;0;0;0;0;0;0;0
619;德特莱夫-贝叶斯;Detlev Bayes;4;3;6;53;73;51;58;62;65;65;43;62;54;50;54;57;56;27;0;0;0;0;0;0;0;0;0;0;0;0;0;0;0
620;盖尔-克林;Gail Klin;5;4;5;45;66;44;51;62;63;72;46;59;47;43;47;61;54;23;0;0;0;0;0;0;0;0;0;0;0;0;0;0;0
621;约翰尼-汉西;Johnny Hancy;1;2;5;66;61;72;72;58;43;50;61;58;74;60;66;50;59;27;0;0;0;0;0;0;0;0;0;0;0;0;0;0;0
622;布雷特-甘恩;Brett Gann;2;0;7;54;66;73;72;62;44;45;56;63;74;59;63;47;56;28;0;0;0;0;0;0;0;0;0;0;0;0;0;0;0
623;达里安-索勒;Darian Soler;3;2;6;50;68;66;69;63;50;64;57;61;67;57;59;55;58;24;0;0;0;0;0;0;0;0;0;0;0;0;0;0;0
624;理查德-多克雷;Richard Doyle;4;0;4;51;73;57;64;60;61;65;49;58;59;55;57;56;57;27;0;0;0;0;0;0;0;0;0;0;0;0;0;0;0
625;拉蒙-赫斯顿;Ramon Heston;5;0;6;47;69;41;52;59;67;76;49;61;45;45;48;63;56;29;0;0;0;0;0;0;0;0;0;0;0;0;0;0;0
626;查克-科迪;Chuck Cody;1;2;7;67;55;70;68;58;43;50;56;60;73;56;64;47;57;25;0;0;0;0;0;0;0;0;0;0;0;0;0;0;0
627;贾斯汀-科尔;Justin Cole;2;1;7;52;66;70;71;55;47;49;60;61;72;58;61;48;55;23;0;0;0;0;0;0;0;0;0;0;0;0;0;0;0
628;埃文-古丁;Evan Gooding;3;2;5;54;68;66;65;62;50;61;55;59;67;55;59;53;57;29;0;0;0;0;0;0;0;0;0;0;0;0;0;0;0
629;伊曼-克鲁姆;Iman Krum;4;0;6;49;65;58;62;62;68;74;43;61;59;52;55;61;58;28;0;0;0;0;0;0;0;0;0;0;0;0;0;0;0
630;艾哈迈德-塞利翁;Ahmed Selion;5;4;6;41;70;41;51;58;66;78;42;61;45;43;46;62;54;28;0;0;0;0;0;0;0;0;0;0;0;0;0;0;0
631;德安德烈-富森;De Andre Fusen;1;2;5;60;55;74;71;62;40;50;62;58;76;57;64;51;58;24;0;0;0;0;0;0;0;0;0;0;0;0;0;0;0
632;雷金纳德-罗素;Reginald Russell;2;1;6;51;68;74;71;62;46;49;60;61;75;58;62;50;57;24;0;0;0;0;0;0;0;0;0;0;0;0;0;0;0
633;埃塞基耶尔-布恩;Essekier Boone;3;0;6;52;66;66;68;62;45;67;57;61;67;57;59;54;57;23;0;0;0;0;0;0;0;0;0;0;0;0;0;0;0
634;唐纳德-波尔津吉斯;Donald Polzingis;4;0;4;54;74;57;61;63;64;72;46;58;59;53;57;60;59;28;0;0;0;0;0;0;0;0;0;0;0;0;0;0;0
635;阿隆索-威尔森;Alonso Wilson;5;4;6;44;70;41;53;63;60;76;45;62;45;45;48;61;55;22;0;0;0;0;0;0;0;0;0;0;0;0;0;0;0
636;比利-埃蒙斯;Billy Emmons;1;0;4;60;64;68;74;56;44;45;60;56;71;60;64;47;56;27;0;0;0;0;0;0;0;0;0;0;0;0;0;0;0
637;丹特-贾格斯;Dante Jagger;2;0;7;55;65;70;73;64;42;45;56;63;72;60;63;47;56;26;0;0;0;0;0;0;0;0;0;0;0;0;0;0;0
638;寇瑞-卡林顿;Curry Carrington;3;4;5;52;68;66;66;59;45;64;51;59;67;55;58;50;55;30;0;0;0;0;0;0;0;0;0;0;0;0;0;0;0
639;何塞-马蒂;Jose Marty;4;5;6;50;67;52;61;63;63;71;42;61;54;52;53;58;56;24;0;0;0;0;0;0;0;0;0;0;0;0;0;0;0
640;芬恩-惠特比;Finn Whitby;5;0;7;46;69;41;50;63;63;71;49;64;45;43;48;61;55;27;0;0;0;0;0;0;0;0;0;0;0;0;0;0;0
